customer_id;bsn_number;first_name;last_name;address;country;post_code;email
CA1000;100000001;Aleshia;Tomkiewicz;14 Taylor St;Kent;CT2 7PP;atomkiewicz@hotmail.com
CA1001;100000002;Evan;Zigomalas;5 Binney St;Buckinghamshire;HP11 2AX;evan.zigomalas@gmail.com
CA1002;100000003;France;Andrade;8 Moor Place;Bournemouth;BH6 3BE;france.andrade@hotmail.com
CA1003;100000004;Ulysses;Mcwalters;505 Exeter Rd;Lincolnshire;DN36 5RP;ulysses@hotmail.com
CA1004;100000005;Tyisha;Veness;5396 Forth Street;West Midlands;B70 9DT;tyisha.veness@hotmail.com
CA1005;100000006;Eric;Rampy;9472 Lind St;Northamptonshire;NN14 2GH;erampy@rampy.co.uk
CA1006;100000007;Marg;Grasmick;7457 Cowl St #70;Southampton;SO14 3TY;marg@hotmail.com
CA1007;100000008;Laquita;Hisaw;20 Gloucester Pl #96;Tyne & Wear;NE29 7AD;laquita@yahoo.com
CA1008;100000009;Lura;Manzella;929 Augustine St;South Gloucestershire;BS16 4LL;lura@hotmail.com
CA1009;100000010;Yuette;Klapec;45 Bradfield St #166;Derbyshire;DE6 1QN;yuette.klapec@klapec.co.uk
CA1010;100000011;Fernanda;Writer;620 Northampton St;Kent;DA2 7PP;fernanda@writer.co.uk
CA1011;100000012;Charlesetta;Erm;5 Hygeia St;Derbyshire;S40 4LY;charlesetta_erm@gmail.com
CA1012;100000013;Corrinne;Jaret;2150 Morley St;Dumfries and Galloway;DG8 7DE;corrinne_jaret@gmail.com
CA1013;100000014;Niesha;Bruch;24 Bolton St;West Lothian;EH52 5TL;niesha.bruch@yahoo.com
CA1014;100000015;Rueben;Gastellum;4 Forrest St;North Somerset;BS23 3HG;rueben_gastellum@gastellum.co.uk
CA1015;100000016;Michell;Throssell;89 Noon St;Norfolk;IP25 6JQ;mthrossell@throssell.co.uk
CA1016;100000017;Edgar;Kanne;99 Guthrie St;Hampshire;BH25 5DF;edgar.kanne@yahoo.com
CA1017;100000018;Dewitt;Julio;7 Richmond St;Devon;EX39 5DJ;dewitt.julio@hotmail.com
CA1018;100000019;Charisse;Spinello;9165 Primrose St;Yorkshire, South;S4 7WN;charisse_spinello@spinello.co.uk
CA1019;100000020;Mee;Lapinski;9 Pengwern St;Devon;TQ3 1SA;mee.lapinski@yahoo.com
CA1020;100000021;Peter;Gutierres;4410 Tarlton St;Denbighshire;LL19 9EG;peter_gutierres@yahoo.com
CA1021;100000022;Octavio;Salvadore;6949 Bourne St;West Midlands;DY5 2QP;octavio.salvadore@yahoo.com
CA1022;100000023;Martha;Teplica;148 Rembrandt St;Surrey;CR6 9SW;mteplica@teplica.co.uk
CA1023;100000024;Tamesha;Veigel;2200 Nelson St #58;Isle of Wight;PO30 5AL;tveigel@veigel.co.uk
CA1024;100000025;Tess;Sitra;61 Rossett St;West Sussex;PO19 1RH;tess_sitra@hotmail.com
CA1025;100000026;Leonard;Kufner;41 Canning St;Western Isles;HS1 2PZ;lkufner@kufner.co.uk
CA1026;100000027;Svetlana;Tauras;8289 Cadogan St;North Eart Lincolnshire;DN33 1AU;svetlana_tauras@tauras.co.uk
CA1027;100000028;Pok;Molaison;211 Hobart St;Cornwall;TR7 1LS;pok@yahoo.com
CA1028;100000029;Augustine;Growcock;114 Falkland St #8845;Berkshire;RG7 4RF;augustine.growcock@growcock.co.uk
CA1029;100000030;Karma;Quarto;1 Birkett St;West Midlands;B33 0NH;kquarto@gmail.com
CA1030;100000031;Reed;Weisinger;5147 Blackstone St;Hertfordshire;SG6 3LE;reed_weisinger@yahoo.com
CA1031;100000032;German;Zelaya;7 Shenstone St;Yorkshire, East (North Humbers;HU8 9PZ;german@hotmail.com
CA1032;100000033;Milly;Savidge;129 Alexander Pope St;Hereford and Worcester;DY11 9BW;milly@gmail.com
CA1033;100000034;Luis;Ear;2 Birchfield Rd;Shropshire;SY11 4PH;luis@hotmail.com
CA1034;100000035;Ciara;Cobbley;7523 Kempton Rd;Darlington;DL3 0JF;ciara_cobbley@hotmail.com
CA1035;100000036;Alethea;Mould;6305 Elstow St;West Sussex;BN12 6PR;alethea@hotmail.com
CA1036;100000037;Margurite;Loperfido;218 Greenbank Drive;Wiltshire;SN10 3DU;mloperfido@gmail.com
CA1037;100000038;Vernice;Sperazza;8921 Forge St;Buckinghamshire;SL3 0PY;vernice@yahoo.com
CA1038;100000039;Vicente;Rawicki;3060 St Ambrose Grove #261;West Midlands;WS9 8UR;vicente_rawicki@hotmail.com
CA1039;100000040;Craig;Cua;8388 Bessemer St #5;Greater London;SW15 2RP;craig@hotmail.com
CA1040;100000041;Jenise;Dulle;87 Pownall Sq;Cambridgeshire;CB22 3BB;jenise.dulle@hotmail.com
CA1041;100000042;Marylin;Cornelison;39 Wye St;West Yorkshire;WF1 1DR;marylin_cornelison@yahoo.com
CA1042;100000043;Marget;Gunst;2732 Bostock St #1;Cornwall;TR9 6NJ;mgunst@yahoo.com
CA1043;100000044;Annett;Bunselmeyer;5562 Fairfield St #847;Isle of Wight;PO33 1HH;abunselmeyer@hotmail.com
CA1044;100000045;Kip;Turziano;37 Meadow St;Essex;SS15 6LE;kip.turziano@yahoo.com
CA1045;100000046;Melina;Orizabal;3 Nevison St;Hampshire;SO41 1DL;melina@gmail.com
CA1046;100000047;Tina;Clapham;5662 William Moult St;Buckinghamshire;HP21 8PP;tclapham@gmail.com
CA1047;100000048;Luisa;Devereux;3 North View #35;West Yorkshire;LS9 7JH;ldevereux@gmail.com
CA1048;100000049;Pedro;Aschoff;135 Opie St;Derbyshire;SK13 8BB;paschoff@yahoo.com
CA1049;100000050;Carrol;Kunimitsu;1 Askew St;Surrey;GU9 9AS;carrol_kunimitsu@yahoo.com
CA1050;100000051;Alba;Mosseri;4 Burnall St;Nottinghamshire;NG9 1AE;alba@gmail.com
CA1051;100000052;Domonique;Sandlin;95 Denton St;Nottinghamshire;NG8 2NB;domonique@hotmail.com
CA1052;100000053;Rory;Neufville;5 Chadwick St #7;Ceredigion;SA44 5HF;rory_neufville@neufville.co.uk
CA1053;100000054;Dustin;Klingaman;67 Micawber St;Greater London;SE14 6RQ;dklingaman@gmail.com
CA1054;100000055;Lyndia;Moonshower;43 Williamson St #7995;East Sussex;BN20 7HB;lyndia_moonshower@moonshower.co.uk
CA1055;100000056;Jules;Hiltner;5 Howe St;West Lothian;EH52 6NF;jules@yahoo.com
CA1056;100000057;Dong;Kopczynski;7 Cheapside #9;Cornwall;PL14 5PA;dkopczynski@kopczynski.co.uk
CA1057;100000058;Justine;Salta;85 Bridgewater St;West Midlands;B34 7BP;justine_salta@yahoo.com
CA1058;100000059;Chantay;Kamens;763 Parkfield Rd;Staffordshire;WS11 9RH;ckamens@hotmail.com
CA1059;100000060;Tequila;Chisum;662 Grove Park;Nottinghamshire;NG6 8RG;tequila.chisum@chisum.co.uk
CA1060;100000061;Maybelle;Consolazio;5410 Lawton St;Rhondda Cynon Taff;CF42 6PL;mconsolazio@yahoo.com
CA1061;100000062;Margarett;Bairo;3 August Rd;Surrey;GU21 5QL;margarett@gmail.com
CA1062;100000063;Janessa;Noonon;476 Starkie St;Gloucestershire;GL1 1QW;jnoonon@yahoo.com
CA1063;100000064;Sol;Cowser;6448 Tillard St;South Yorkshire;DN12 4JF;sol@gmail.com
CA1064;100000065;Louann;Smethers;3055 Creswick St;Warwickshire;CV21 1LN;louann@gmail.com
CA1065;100000066;Lindsay;Yadao;7 Jolliffe St;Cheshire;CW10 9GB;lindsay_yadao@yadao.co.uk
CA1066;100000067;Malika;Hanton;1175 Greig St;Greater Manchester;M25 0ZN;malika@gmail.com
CA1067;100000068;Stefany;Ferenz;636 Portland Place;Middlesbrough;TS1 4RG;stefany@hotmail.com
CA1068;100000069;Abraham;Cratch;41 Benedict St;Greater London;IG2 7QG;acratch@gmail.com
CA1069;100000070;Giuseppe;Rohaley;62 Margaret St;Greater London;SW3 4ND;giuseppe@yahoo.com
CA1070;100000071;Kiera;Bassil;5152 Sophia St;South Gloucestershire;BS15 8DS;kbassil@bassil.co.uk
CA1071;100000072;Wendell;Rubano;1 Back Canning St;Stirling;FK9 4LD;wendell_rubano@hotmail.com
CA1072;100000073;Stevie;Stifflemire;9 Gradwell St;Hampshire;RG22 5HA;stevie_stifflemire@stifflemire.co.uk
CA1073;100000074;Yun;Paletta;9205 Upper Hill St;West Yorkshire;LS1 5QE;yun_paletta@paletta.co.uk
CA1074;100000075;Brittani;Thurm;9 Horatio St;Kent;TN26 2PN;bthurm@yahoo.com
CA1075;100000076;Billy;Venus;61 Miriam St;Greater London;NW8 9BD;billy.venus@yahoo.com
CA1076;100000077;Brynn;Elkan;67 Pulford St;Essex;SS2 6NL;brynn@yahoo.com
CA1077;100000078;Elroy;Piehler;821 Pembroke Place;Cumbria;CA17 4RZ;epiehler@piehler.co.uk
CA1078;100000079;Anisha;Shulick;3 Alder St;Stoke-on-Trent;ST2 9AW;ashulick@yahoo.com
CA1079;100000080;Bettina;Kham;80 Morecambe St;County Durham;DL14 6NG;bettina.kham@kham.co.uk
CA1080;100000081;Velda;Mancilla;7866 Renshaw St #283;Cornwall;TR11 4QQ;velda_mancilla@mancilla.co.uk
CA1081;100000082;Marta;Brace;658 Lake St;Wiltshire;SN16 0XZ;marta.brace@brace.co.uk
CA1082;100000083;Juan;Vanwyhe;5382 Redfern St;Greater London;W1J 0QH;juan_vanwyhe@gmail.com
CA1083;100000084;Lelia;Filion;45 Bidder St #38;Greater London;EN1 3HT;lelia.filion@filion.co.uk
CA1084;100000085;Una;Frankel;6766 Britton St #379;Greater Manchester;BL1 3EX;ufrankel@hotmail.com
CA1085;100000086;Eva;Joulwan;7 Lear Rd;Hampshire;GU32 3PQ;eva.joulwan@gmail.com
CA1086;100000087;Mammie;Dormanen;2577 Toxteth St #5;Lancashire;BB6 7UN;mammie_dormanen@hotmail.com
CA1087;100000088;Jeannetta;Coolidge;761 Cockerell St #1;Derbyshire;DE11 0HE;jeannetta_coolidge@gmail.com
CA1088;100000089;Elbert;Drawe;9 Cypress St;Tyne and Wear;NE38 9AQ;edrawe@drawe.co.uk
CA1089;100000090;Lenny;Gazzola;6 Romilly St;Tyne and Wear;NE6 4YH;lenny.gazzola@yahoo.com
CA1090;100000091;Mira;Alpheaus;51 St Anne St #12;Berkshire;RG7 3RA;mira.alpheaus@yahoo.com
CA1091;100000092;Cathern;Ungar;823 Idris St;Nottinghamshire;NG16 5LG;cathern.ungar@ungar.co.uk
CA1092;100000093;Malcom;Fleckles;8764 Nickleby St #877;Glasgow City;G51 1BQ;malcom.fleckles@gmail.com
CA1093;100000094;Monroe;Damato;5344 Bengel St #5;Greater London;E14 5DR;mdamato@damato.co.uk
CA1094;100000095;Leota;Fletchen;8880 Great Howard St #7750;Merseyside;L29 7WD;lfletchen@gmail.com
CA1095;100000096;Berry;Gutoski;9 Oakleigh;West Sussex;BN15 9BN;berry@gmail.com
CA1096;100000097;Meghan;Riherd;83 Denbigh St Bootle;Cornwall;TR3 7AZ;meghan@riherd.co.uk
CA1097;100000098;Mike;Torner;30 Aughton St;Aberdeenshire;AB24 2RR;mike_torner@torner.co.uk
CA1098;100000099;Elsa;Delisle;260 Saxon St;Greater Manchester;M33 4BP;elsa_delisle@gmail.com
CA1099;100000100;Linwood;Rosenlof;3 Pyramid St;Merseyside;WA10 3BW;linwood.rosenlof@yahoo.com
CA1100;100000101;Latosha;Alexy;37 Langham St #948;Surrey;KT13 0AZ;latosha@yahoo.com
CA1101;100000102;Alexia;Meenan;94 Villars St;Cornwall;EX23 9LG;alexia.meenan@meenan.co.uk
CA1102;100000103;Graham;Stanwick;73 Hawkstone St;Dunbartonshire;G52 4YG;gstanwick@gmail.com
CA1103;100000104;Elinore;Fulda;123 Sussex St;Greater Manchester;BL1 6PY;elinore.fulda@fulda.co.uk
CA1104;100000105;Lisbeth;Creecy;484 Barry St;County Durham;DH4 7RG;lcreecy@gmail.com
CA1105;100000106;Eloisa;Faurote;7033 Micawber St;Norfolk;NR20 5NQ;eloisa.faurote@hotmail.com
CA1106;100000107;Shawana;Cantua;33 Vipond St;Hertfordshire;HP2 7JP;shawana@yahoo.com
CA1107;100000108;Alyssa;Ansbro;85 Hero St;County Durham;DL13 2TZ;alyssa_ansbro@gmail.com
CA1108;100000109;Kyoko;Mcmillian;77 Reading St #8;Devon;EX20 2TR;kyoko_mcmillian@gmail.com
CA1109;100000110;Terry;Gauthier;274 Altcar Ave;North Yorkshire;DL10 7NU;tgauthier@yahoo.com
CA1110;100000111;Sena;Langenbach;38 Avondale Rd #79;Somerset;BA3 5SJ;sena.langenbach@hotmail.com
CA1111;100000112;Cristen;Nesset;4679 Curzon St;Lancashire;BB5 0SJ;cnesset@nesset.co.uk
CA1112;100000113;Lashawn;Ker;13 Nelson Rd;Bristol;BS4 1HT;lashawn.ker@gmail.com
CA1113;100000114;Wade;Sovel;2546 Hunter St;Aberdeenshire;AB53 6YD;wade@hotmail.com
CA1114;100000115;Whitney;Tishler;77 Mason St #650;Greater Manchester;OL16 3AW;whitney@gmail.com
CA1115;100000116;Deja;Conatser;94 Wakefield St;Suffolk;CO10 9PU;deja.conatser@hotmail.com
CA1116;100000117;Earnestine;Casper;529 Stalmine Rd #3680;Essex;CB11 4DJ;earnestine_casper@hotmail.com
CA1117;100000118;Frankie;Marruffo;52 Morningside Rd #1;Neath Port Talbot;SA8 3HE;fmarruffo@gmail.com
CA1118;100000119;Paola;Dease;94 Enid St;Kent;CT7 9BG;pdease@gmail.com
CA1119;100000120;Rodrigo;Hawkin;661 Great Crosshall St;City of Edinburgh;EH5 2LR;rodrigo@hotmail.com
CA1120;100000121;Luther;Alsman;227 Albert Terrace;Greater London;DA17 6EF;luther@gmail.com
CA1121;100000122;Casey;Dondero;464 Back Nile St #618;Greater London;W3 6QJ;casey.dondero@hotmail.com
CA1122;100000123;Ressie;Bontemps;42 Eastwood St;Cambridgeshire;PE4 6HB;ressie_bontemps@bontemps.co.uk
CA1123;100000124;Sean;Schurman;2877 Grain St;Berkshire;RG4 5DE;sean.schurman@schurman.co.uk
CA1124;100000125;Celestina;Pince;13 Stockdale St #779;Oxfordshire;OX14 5QH;cpince@pince.co.uk
CA1125;100000126;Maira;Karas;9 Cropper St;West Sussex;RH10 1YJ;maira.karas@yahoo.com
CA1126;100000127;Beth;Barbone;3 Gaskell St;Tyne and Wear;NE30 2NB;bbarbone@barbone.co.uk
CA1127;100000128;Wei;Nobel;5221 Royston St;Staffordshire;ST21 6GA;wei_nobel@hotmail.com
CA1128;100000129;Melissia;Slotemaker;83 St Johns Lane #43;West Lothian;EH49 7LS;mslotemaker@gmail.com
CA1129;100000130;Letha;Akey;603 Pall Mall;Lancashire;FY3 8ND;letha_akey@akey.co.uk
CA1130;100000131;Isaac;Semrad;76 Dawber St #6;Greater London;SE3 7JY;isaac.semrad@semrad.co.uk
CA1131;100000132;Kristine;Klipfel;3380 Alexander St;Essex;CM1 9QQ;kristine.klipfel@yahoo.com
CA1132;100000133;Odette;Moussette;216 Lissant St #8;Essex;CM6 1DQ;odette_moussette@gmail.com
CA1133;100000134;Hobert;Panfilov;92 Phythian St #614;Cornwall;TR11 5RR;hobert@gmail.com
CA1134;100000135;Isadora;Mchughes;792 Queens Rd;Greater Manchester;M32 8LR;isadora.mchughes@mchughes.co.uk
CA1135;100000136;Emily;Pogorelc;5196 York St;Essex;SS17 8NS;emily.pogorelc@yahoo.com
CA1136;100000137;Desire;Barresi;428 Kearsley St;Warwickshire;CV35 7UA;desire@gmail.com
CA1137;100000138;Rosalind;Stamps;8 Chestnut St;Lancashire;BB9 6EW;rosalind.stamps@stamps.co.uk
CA1138;100000139;Vernell;Connley;998 Roe St #6;Northumberland;NE48 2BX;vernell@hotmail.com
CA1139;100000140;Micheline;Mathieson;3 Copenhagen Rd;Aberdeenshire;AB25 3UZ;micheline.mathieson@yahoo.com
CA1140;100000141;Nathan;Outhouse;293 Vivian St;Tyne and Wear;NE2 1EY;nathan.outhouse@gmail.com
CA1141;100000142;Allene;Burau;8 Barlow St #6;Derbyshire;S18 7TH;allene.burau@hotmail.com
CA1142;100000143;Julie;Sakshaug;5 Shakspeare St #66;Hereford and Worcester;B61 8HD;julie@gmail.com
CA1143;100000144;Francisca;Shuhi;7 Carolina St;Cornwall;PL31 1QF;fshuhi@shuhi.co.uk
CA1144;100000145;Marisha;Wilcoxon;52 Trowbridge St;Greater London;SW1X 9HB;marisha.wilcoxon@gmail.com
CA1145;100000146;Telma;Maraia;25 Village St;Moray;IV30 1SB;telma@maraia.co.uk
CA1146;100000147;Luke;Crete;4 Peach St #5112;Kent;TN14 7EF;luke.crete@crete.co.uk
CA1147;100000148;Hubert;Mias;3614 Old Hall St #604;Hampshire;SO45 2PT;hubert.mias@gmail.com
CA1148;100000149;Janella;Altobell;3768 Hey Green Rd;Warwickshire;CV10 0TH;jaltobell@hotmail.com
CA1149;100000150;Angelo;Lavista;97 Newlands St;Merseyside;L6 9DU;angelo.lavista@gmail.com
CA1150;100000151;Tran;Mandiola;6226 Maitland St;West Midlands;B70 6DR;tran.mandiola@hotmail.com
CA1151;100000152;Reynalda;Vanhooser;891 Crocus St;West Midlands;B65 8EZ;reynalda@vanhooser.co.uk
CA1152;100000153;Salley;Rieger;1 Segrave St;West Midlands;B75 6HJ;salley.rieger@gmail.com
CA1153;100000154;Cheryll;Yurich;666 Moor Place;Kent;ME15 8ST;cheryll_yurich@yurich.co.uk
CA1154;100000155;Crista;Viengxay;1554 Christopher St;Merseyside;L6 1BG;crista@yahoo.com
CA1155;100000156;Lino;Sutulovich;55 Margaret Rd;Yorkshire, West;BD9 4DA;lino.sutulovich@gmail.com
CA1156;100000157;Galen;Wendorf;8830 Antonio St;Kent;ME7 1DZ;galen.wendorf@wendorf.co.uk
CA1157;100000158;Gilbert;Langarica;82 Sinclair St;Gwynedd;LL57 1DW;gilbert.langarica@gmail.com
CA1158;100000159;Whitney;Goossen;7568 Atlas St;Lincolnshire;PE22 0HY;whitney.goossen@hotmail.com
CA1159;100000160;Socorro;Abrahams;93 Clyde Rd #9;Lancashire;PR1 6TN;socorro_abrahams@abrahams.co.uk
CA1160;100000161;Mauricio;Flam;18 Nimrod St;Cumbria;LA14 3SJ;mflam@gmail.com
CA1161;100000162;Phillip;Aloi;6 Cannock St;West Yorkshire;LS14 3BW;paloi@hotmail.com
CA1162;100000163;Gilberto;Erixon;2258 Benedict St;Cornwall;TR10 8RP;gerixon@gmail.com
CA1163;100000164;Thad;Puskarich;9302 Ismay St #6;Kent;TN30 6JP;thad_puskarich@puskarich.co.uk
CA1164;100000165;Bambi;Favaron;3347 Lawrence Rd #456;Greater London;NW5 4EU;bambi.favaron@yahoo.com
CA1165;100000166;Marshall;Kozikowski;47 Elwy St;West Dunbart;G81 6RT;marshall@hotmail.com
CA1166;100000167;Chery;Wiederin;553 Picton Rd;Greater Manchester;M29 7AA;cwiederin@yahoo.com
CA1167;100000168;Eileen;Montecalvo;9986 Cantsfield St;Tyne and Wear;SR6 9SD;eileen@yahoo.com
CA1168;100000169;Melita;Szpak;1 Sussex St;Merthyr Tydfil;CF48 1AR;melita.szpak@szpak.co.uk
CA1169;100000170;Ashley;Jessie;9548 Ogwen St #84;Greater Manchester;M23 9GB;ashley_jessie@jessie.co.uk
CA1170;100000171;Laila;Fend;57 St Georges Hill;Tyne and Wear;NE40 4LJ;lfend@gmail.com
CA1171;100000172;Bobbie;Guillereault;385 Upper Hampton St #39;South Yorkshire;S5 8LL;bguillereault@gmail.com
CA1172;100000173;Dana;Paluszynski;6378 Lyell St #48;Stirling;FK21 8TJ;dpaluszynski@paluszynski.co.uk
CA1173;100000174;Freida;Newyear;675 Falstaff St #170;Derbyshire;SK23 0QG;freida_newyear@yahoo.com
CA1174;100000175;Val;Cellucci;87 Pelops St;West Midlands;B38 8PL;vcellucci@yahoo.com
CA1175;100000176;Horace;Knapp;5 Eyes St;Dumfries and Galloway;DG4 6LF;horace.knapp@yahoo.com
CA1176;100000177;Joana;Reinecke;2427 Olney St #7;Buckinghamshire;HP6 6JH;jreinecke@reinecke.co.uk
CA1177;100000178;Tiara;Schlichter;805 Westbank Rd;Greater Manchester;OL10 2DU;tiara_schlichter@schlichter.co.uk
CA1178;100000179;Dacia;Swaisgood;36 Cranmer St #4697;Shropshire;SY8 4LE;dacia.swaisgood@swaisgood.co.uk
CA1179;100000180;Myong;Babineaux;2 Kirkdale Rd;Greater London;E16 4NF;mbabineaux@babineaux.co.uk
CA1180;100000181;Gene;Bleile;4687 Atherton St;West Midlands;B11 4HB;gene_bleile@bleile.co.uk
CA1181;100000182;Kanisha;Difiora;513 Bailey St;Gwynedd;LL54 7UP;kanisha@gmail.com
CA1182;100000183;Ayesha;Moeder;620 Old Leeds St;Cornwall;PL11 3DF;ayesha@gmail.com
CA1183;100000184;Lanie;Smalarz;5149 Maria Rd;County Durham;SR8 5RL;lanie.smalarz@yahoo.com
CA1184;100000185;Jaleesa;Polintan;8 Taylor St;Essex;CO2 9LW;jpolintan@polintan.co.uk
CA1185;100000186;Tamekia;Flotow;588 Venmore St;Greater London;TW1 2QH;tamekia.flotow@hotmail.com
CA1186;100000187;Ula;Otey;1 Newby St;Warwickshire;B46 3LZ;ula@hotmail.com
CA1187;100000188;Rosendo;Ratel;5588 Lake St #903;Greater London;SE19 2TJ;rratel@yahoo.com
CA1188;100000189;Timmy;Lintner;9112 Hardwick St;County Durham;DL12 9JB;tlintner@hotmail.com
CA1189;100000190;Zita;Speltz;2395 Gloucester Pl;Greater Manchester;BL1 6DS;zita_speltz@yahoo.com
CA1190;100000191;Aleisha;Lemm;341 Birchfield St;Dorset;BH16 6JJ;aleisha.lemm@gmail.com
CA1191;100000192;Naomi;Lavezzo;9854 Ranelagh Place;Northamptonshire;NN9 5EN;naomi.lavezzo@yahoo.com
CA1192;100000193;Aretha;Bowling;8 Nova Scotia;Caerphilly;CF83 3AF;aretha@hotmail.com
CA1193;100000194;Mila;Figuera;72 Lime Place;Suffolk;IP14 4HG;mila_figuera@yahoo.com
CA1194;100000195;Orville;Zuehl;907 Denman St;North Lincolnshire;DN17 4EN;orville_zuehl@zuehl.co.uk
CA1195;100000196;Gabriele;Geschke;5 Garfield St #9;Kent;ME10 2EJ;gabriele@geschke.co.uk
CA1196;100000197;Kara;Jaquish;345 Feltwell Rd;Northamptonshire;NN15 6BB;kara@yahoo.com
CA1197;100000198;Kenny;Lin;1 Towson St;Fife;KY14 6AH;kenny@lin.co.uk
CA1198;100000199;Vashti;Sugai;4 Candia St #6;Warwickshire;CV36 4HE;vashti@gmail.com
CA1199;100000200;Jordan;Handsaker;2 Cherry Lane;Kent;ME2 2NJ;jordan_handsaker@gmail.com
CA1200;100000201;Carisa;Degenhardt;7 Britannia Ave #875;Lancashire;PR4 3RQ;carisa.degenhardt@degenhardt.co.uk
CA1201;100000202;Audrie;Danaher;63 Brunswick Sq;Carmarthenshire;SA15 5YN;adanaher@yahoo.com
CA1202;100000203;Shaunna;Rodamis;5 Gainsborough Rd;Greater London;SE1 6EH;shaunna.rodamis@yahoo.com
CA1203;100000204;Coleen;Langer;745 Goodall St #9309;Shropshire;TF13 6HB;coleen.langer@hotmail.com
CA1204;100000205;Katie;Choinski;1267 Alderson Rd;Gloucestershire;GL3 2BA;katie@choinski.co.uk
CA1205;100000206;Dannie;Brau;2 Gay St #3702;Cambridgeshire;PE7 2QA;dbrau@brau.co.uk
CA1206;100000207;Ashanti;Donn;3409 Benns Gardens;East Sussex;TN38 9NE;adonn@yahoo.com
CA1207;100000208;Madalyn;Dubberly;1 Lower Burlington St;Kent;DA11 8RN;madalyn.dubberly@gmail.com
CA1208;100000209;Santos;Signore;4706 Chapel Place #5993;West Sussex;BN44 3DF;santos@gmail.com
CA1209;100000210;Alyce;Flamino;4 Mather St;West Midlands;CV6 4BN;alyce@yahoo.com
CA1210;100000211;Pearly;Ero;9960 Gilroy Rd;Greater London;N12 9JT;pero@hotmail.com
CA1211;100000212;Cherrie;Nitschke;3 Burnall St;West Yorkshire;BD20 6DA;cherrie_nitschke@yahoo.com
CA1212;100000213;Maia;Shadd;8 Bigham Rd;Kent;CT14 9QJ;maia_shadd@gmail.com
CA1213;100000214;Edwin;Logghe;950 Gordon St;Derbyshire;DE75 7FZ;edwin_logghe@hotmail.com
CA1214;100000215;Leigha;Semenza;784 Juno St #7653;West Sussex;RH12 4GW;lsemenza@yahoo.com
CA1215;100000216;Walker;Seeger;69 Chantrey St #90;Norfolk;NR12 0YB;walker.seeger@yahoo.com
CA1216;100000217;Nakita;Rodrigues;4 Northbrook St #600;Greater London;N18 2NF;nakita_rodrigues@gmail.com
CA1217;100000218;Kattie;Ozane;526 Liffey St #759;Wiltshire;BA13 3QU;kozane@gmail.com
CA1218;100000219;Lamar;Suite;6301 Dorset Rd;Greater London;UB9 6LF;lsuite@yahoo.com
CA1219;100000220;Juliana;Uken;4 Summer Seat Bootle;Brighton and Hove;BN2 4TL;juliana.uken@yahoo.com
CA1220;100000221;Chan;Loftin;84 Walton Village;Bristol;BS7 0AX;chan@gmail.com
CA1221;100000222;Delpha;Detamore;8 Tagus St #9814;Cumbria;CA25 5EF;delpha.detamore@yahoo.com
CA1222;100000223;Floyd;Tivis;770 Jamaica St;Conwy;LL34 6BH;floyd_tivis@hotmail.com
CA1223;100000224;Chantell;Besong;11 Tetlow St;Greater London;SW6 4QP;chantell_besong@gmail.com
CA1224;100000225;Martin;Fonua;7642 Ledward St;Merseyside;L19 0LN;mfonua@yahoo.com
CA1225;100000226;Hyun;Erdman;1432 Rutland Ave;East Sussex;TN22 9EF;hyun@gmail.com
CA1226;100000227;Nada;Arey;22 Harewood St #95;Staffordshire;ST17 0RU;nada@hotmail.com
CA1227;100000228;Elizabeth;Pata;645 Lister Drive;Northumberland;NE66 2LQ;elizabeth@gmail.com
CA1228;100000229;Dominic;Washmuth;8977 Old Leeds St #87;Dorset;DT8 3DR;dwashmuth@hotmail.com
CA1229;100000230;Alise;Packebush;22 Delamore St;Hereford and Worcester;HR1 2EA;alise.packebush@gmail.com
CA1230;100000231;Flo;Bardsley;35 Walton Lane;Leicestershire;LE11 4PF;flo.bardsley@hotmail.com
CA1231;100000232;Bonita;Sandblom;22 Kilshaw St;Greater London;SW19 7DT;bsandblom@gmail.com
CA1232;100000233;Royal;Rush;1 Argyle St;Greater Manchester;SK14 5AR;royal.rush@yahoo.com
CA1233;100000234;Erasmo;Talentino;3 Garden Lane;South Yorkshire;S75 5JY;erasmo.talentino@hotmail.com
CA1234;100000235;Mari;Smeby;4309 Chisenhale St;Hereford and Worcester;DY14 9XQ;msmeby@gmail.com
CA1235;100000236;Eleonora;Ventry;758 Woodhouse St;West Midlands;B21 0UE;eleonora@gmail.com
CA1236;100000237;Therese;Shiraki;18 Ouse St;Buckinghamshire;HP11 2PJ;tshiraki@gmail.com
CA1237;100000238;Rodolfo;Scavuzzo;5 Ruskin St;North Ayrshire;KA11 2BP;rodolfo_scavuzzo@yahoo.com
CA1238;100000239;Cruz;Fanelli;4565 Blackstock St;Stoke-on-Trent;ST4 5BW;cruz@hotmail.com
CA1239;100000240;Arlyne;Dellinger;8361 Cottenham St;Hampshire;SO45 1QQ;arlyne.dellinger@yahoo.com
CA1240;100000241;Edward;Strejan;1267 Audley St;Northamptonshire;NN15 5DB;edward_strejan@gmail.com
CA1241;100000242;Christoper;Sheneman;845 Atherton St;Kent;TN16 2AR;christoper@gmail.com
CA1242;100000243;Melda;Colamarino;150 Margaret Rd;Kent;ME19 4DT;melda.colamarino@colamarino.co.uk
CA1243;100000244;Margot;Peay;9923 Dinorben St #4838;Greater London;NW11 8DY;margot.peay@yahoo.com
CA1244;100000245;Gerald;Drozdenko;186 Craven St #68;Shropshire;SY4 2JX;gdrozdenko@yahoo.com
CA1245;100000246;Tomoko;Renno;5160 High St #38;Brighton and Hove;BN3 6EA;tomoko@renno.co.uk
CA1246;100000247;Mendy;Wassmann;3833 Sidney Rd;Merseyside;L32 3XS;mendy.wassmann@wassmann.co.uk
CA1247;100000248;Daryl;Hilcher;6267 Greenland St;West Yorkshire;WF1 4LW;dhilcher@hotmail.com
CA1248;100000249;Ty;Feeback;14 Landseer Rd;Dumfries and Galloway;DG1 9SY;tfeeback@gmail.com
CA1249;100000250;King;Vanacore;30 Seville St;East Sussex;BN20 7QU;king_vanacore@yahoo.com
CA1250;100000251;Isidra;Varnado;79 Chelmsford St;Flintshire;CH8 7UP;ivarnado@varnado.co.uk
CA1251;100000252;Tonja;Driesenga;8 South John St;Northamptonshire;NN6 9XW;tdriesenga@driesenga.co.uk
CA1252;100000253;Shaquana;Featherston;50 Townsend St;Greater Manchester;OL9 0NS;shaquana@hotmail.com
CA1253;100000254;Gilberto;Feagins;7643 Campbell St;Greater London;BR3 1LT;gfeagins@gmail.com
CA1254;100000255;Rex;Faehnle;371 Oakleigh;Wiltshire;BA12 8NR;rfaehnle@faehnle.co.uk
CA1255;100000256;Adolph;Cunningham;9874 Oakfield Rd;Tyne and Wear;SR5 5PT;adolph_cunningham@hotmail.com
CA1256;100000257;Queen;Leader;6 Princes St;South Lanarkshire;G75 8YR;queen_leader@gmail.com
CA1257;100000258;Rebbecca;Rufenacht;4190 Seacombe St;Northamptonshire;NN12 8AA;rrufenacht@yahoo.com
CA1258;100000259;Ardella;Goldrup;3145 Rhyl St;E Riding of Yorkshire;YO43 3QE;ardella.goldrup@goldrup.co.uk
CA1259;100000260;Dallas;Miyashiro;4919 Lime Grove;Cheshire;SY13 4HB;dallas_miyashiro@miyashiro.co.uk
CA1260;100000261;Vivan;Jenious;8 Carolina St;West Sussex;RH10 8EZ;vjenious@yahoo.com
CA1261;100000262;Han;Dzledzic;1592 Price St;Northumberland;NE20 9TF;han_dzledzic@hotmail.com
CA1262;100000263;Emilio;Guitierrez;2 Weller St;North Yorkshire;DL6 2AS;emilio_guitierrez@guitierrez.co.uk
CA1263;100000264;Latia;Cos;18 Thomas St;West Sussex;PO22 0JT;lcos@yahoo.com
CA1264;100000265;Lilli;Cureau;42 Hey Green Rd;Lancashire;PR1 6TL;lilli@yahoo.com
CA1265;100000266;Maryanne;Siske;256 Vesuvius St #159;North Yorkshire;LS24 9UA;maryanne@hotmail.com
CA1266;100000267;Eliz;Strimple;82 Denison St #2642;Greater Manchester;M25 1JB;eliz@gmail.com
CA1267;100000268;Laura;Gumaer;1779 Bird St;Greater London;SW14 8JZ;laura_gumaer@gmail.com
CA1268;100000269;Leanora;Respicio;99 College St South #1;Tyne and Wear;NE6 2RX;lrespicio@respicio.co.uk
CA1269;100000270;Sherell;Pomarico;29 Greenleaf St;Isle of Anglesey;LL62 5HD;spomarico@hotmail.com
CA1270;100000271;Charlie;Isita;39 Hooton Place;East Renfrewshire;G78 3AB;charlie@isita.co.uk
CA1271;100000272;Veronique;Nuckolls;198 Ranelagh Place;Aberdeenshire;AB43 6RD;vnuckolls@gmail.com
CA1272;100000273;Antonio;Villamarin;353 Standish St #8264;Hertfordshire;CM20 2HT;antonio.villamarin@gmail.com
CA1273;100000274;Louvenia;Kincannon;87 Eldon Place;Lancashire;BB12 7RY;lkincannon@kincannon.co.uk
CA1274;100000275;Roxanne;Hedegore;592 Catharine St;South Lanarkshire;G72 0RZ;roxanne_hedegore@gmail.com
CA1275;100000276;Eve;Hoffstot;1661 Arrow St;York;YO26 8DA;eve.hoffstot@yahoo.com
CA1276;100000277;Kenda;Koza;7 Netley St;Greater London;E16 3DP;kkoza@koza.co.uk
CA1277;100000278;Elden;Mercik;7 St Edmonds Rd;Kent;CT15 4HH;elden_mercik@mercik.co.uk
CA1278;100000279;Kami;Ferre;6996 Wrenbury St;West Midlands;CV6 5RS;kami@yahoo.com
CA1279;100000280;Selene;Zeng;2 Prince Rupert St;Greater London;BR3 6SX;selene@yahoo.com
CA1280;100000281;Deangelo;Rardon;9970 Clyde Rd;Surrey;KT15 3NW;deangelo_rardon@yahoo.com
CA1281;100000282;Olen;Ailey;9 Fielding St;Staffordshire;WV5 0BB;olen@gmail.com
CA1282;100000283;Lanie;Smarsh;555 Ludlow St;Wiltshire;BA14 9JB;lanie@yahoo.com
CA1283;100000284;Lynna;Breheny;1 James St #4;Fife;KY16 9EE;lynna@yahoo.com
CA1284;100000285;Jody;Klitzing;3 Byng St #524;Devon;EX1 3SF;jody_klitzing@hotmail.com
CA1285;100000286;Antonio;Glasford;425 Howley St;Newport;NP20 3DE;antonio_glasford@glasford.co.uk
CA1286;100000287;Merilyn;Scurci;4041 Virgil St;Surrey;KT18 6PZ;merilyn_scurci@hotmail.com
CA1287;100000288;Elliott;Kins;32 High Park St #44;Norfolk;PE30 1QE;elliott@gmail.com
CA1288;100000289;Leonie;Devereux;88 Vernon St;East Lothian;EH42 1SJ;leonie_devereux@gmail.com
CA1289;100000290;Eulah;Syrop;62 Euston St;Greater London;EC1Y 8RT;eulah@syrop.co.uk
CA1290;100000291;Marsha;Tarry;74 Medlock St;Greater Manchester;M20 1JG;marsha.tarry@yahoo.com
CA1291;100000292;Mignon;Luger;80 Talbot St;Cheshire;SK3 9RD;mignon@gmail.com
CA1292;100000293;Tu;Rivet;31 Buckingham Ave #3785;Bristol;BS6 5SR;tu_rivet@gmail.com
CA1293;100000294;Adelle;Schantini;162 Grayson St;Lancashire;FY2 0TD;adelle_schantini@yahoo.com
CA1294;100000295;Douglass;Fonnesbeck;5 Webb St #8;Stoke-on-Trent;ST4 1EB;douglass@fonnesbeck.co.uk
CA1295;100000296;Evette;Mazierski;8092 Firdale Rd;Leicester;LE5 5RE;emazierski@mazierski.co.uk
CA1296;100000297;Geraldo;Okoren;68 Carno St;West Yorkshire;LS10 1SJ;gokoren@okoren.co.uk
CA1297;100000298;Clarinda;Pelayo;714 Moored St;Denbighshire;LL18 6DH;cpelayo@pelayo.co.uk
CA1298;100000299;Reuben;Mccorrison;545 North John St;Surrey;KT11 2HT;reuben.mccorrison@hotmail.com
CA1299;100000300;Yen;Groody;21 Pilgrim St;Bedfordshire;LU7 2NZ;ygroody@groody.co.uk
CA1300;100000301;Tanja;Milne;9772 Teilo St;Tyne and Wear;DH5 0PH;tanja.milne@yahoo.com
CA1301;100000302;Jerlene;Holtgrewe;33 Fonthill Rd;West Midlands;B36 8JE;jholtgrewe@yahoo.com
CA1302;100000303;Almeta;Keehner;3 Ivyleigh;Derbyshire;S40 4LW;akeehner@hotmail.com
CA1303;100000304;Wilda;Brigham;501 Sandon Terrace #200;Essex;CO16 9LZ;wilda@brigham.co.uk
CA1304;100000305;Remedios;Arlinghaus;9 Duckenfield St;E Riding of Yorkshire;HU11 4QA;remedios.arlinghaus@gmail.com
CA1305;100000306;Margret;Alcazar;5466 Sedley St;North Lanarkshire;ML5 4LJ;margret@alcazar.co.uk
CA1306;100000307;Denny;Casalenda;75 Brewster St #453;Berkshire;RG1 5EX;dcasalenda@gmail.com
CA1307;100000308;Carolynn;Atkison;7901 Beech St;Greater London;SM4 5PY;carolynn.atkison@hotmail.com
CA1308;100000309;Amina;Goulbourne;684 Cotswold St;Greater London;E9 7NG;amina@yahoo.com
CA1309;100000310;Janna;Przybyl;5 April Rd #13;South Yorkshire;DN1 2TU;jprzybyl@przybyl.co.uk
CA1310;100000311;Emiko;Sayre;8 Village St;Surrey;GU18 5YQ;emiko.sayre@yahoo.com
CA1311;100000312;In;Muns;7 Haddock St #34;Lancashire;FY8 3TF;in_muns@muns.co.uk
CA1312;100000313;Eleni;Vanscoik;9 Mather St;West Midlands;B73 6HH;eleni_vanscoik@gmail.com
CA1313;100000314;Kandis;Alsbury;70 Rose Vale;Suffolk;IP18 6PE;kalsbury@hotmail.com
CA1314;100000315;Kina;Saltman;29 Oregon St;Nottinghamshire;NG11 6JT;kina_saltman@gmail.com
CA1315;100000316;Jacki;Sterback;15 East Albert Rd;Oxfordshire;OX13 5AW;jacki.sterback@gmail.com
CA1316;100000317;Fallon;Kerfoot;3186 Naylor St;South Yorkshire;S2 1HP;fallon.kerfoot@gmail.com
CA1317;100000318;Precious;Brabble;9 Herbert St #77;Hertfordshire;WD7 9AQ;precious_brabble@brabble.co.uk
CA1318;100000319;Glory;Ona;9830 Croxteth Rd;West Yorkshire;WF8 3YR;glory_ona@gmail.com
CA1319;100000320;Tamesha;Tyburski;1054 Gladys St;North Lanarkshire;ML4 3EJ;tamesha.tyburski@gmail.com
CA1320;100000321;Brande;Cutlip;921 Douro St #1520;Vale of Glamorgan;CF62 3HN;bcutlip@yahoo.com
CA1321;100000322;Olene;Skubis;180 Frodsham St;Hertfordshire;HP2 7BD;olene_skubis@yahoo.com
CA1322;100000323;Carey;Marchetta;7217 Edge Grove;Greater Manchester;M22 4ZB;cmarchetta@hotmail.com
CA1323;100000324;Launa;Torez;12 Gelling St;Stirling;FK16 6DU;launa.torez@yahoo.com
CA1324;100000325;Dominga;Whitrock;763 Roscoe St;Tyne and Wear;NE11 0AN;dominga@whitrock.co.uk
CA1325;100000326;Dwight;Belyea;419 St Andrew St;Hereford and Worcester;WR9 7NS;dbelyea@belyea.co.uk
CA1326;100000327;Cornell;Mccrossin;623 Cornhill;Staffordshire;DE13 0DH;cornell.mccrossin@mccrossin.co.uk
CA1327;100000328;Alverta;Topete;328 Havelock St #61;Surrey;KT15 2NL;alverta.topete@gmail.com
CA1328;100000329;Felicia;Claybrooks;1056 College St South;County Durham;DH2 2JZ;felicia@claybrooks.co.uk
CA1329;100000330;Carmen;Gillham;11 Denison St #7;Cheshire;WA2 9QB;carmen@hotmail.com
CA1330;100000331;Ashlee;Beyl;30 Daulby St;Somerset;BA20 2EJ;ashlee.beyl@hotmail.com
CA1331;100000332;Vannessa;Land;201 Bran St;Surrey;TW15 2AJ;vannessa.land@yahoo.com
CA1332;100000333;Patti;Rempel;1346 Vandyke St;Brighton and Hove;BN3 6NS;patti@rempel.co.uk
CA1333;100000334;German;Meyerhoff;883 Howe St;Lancashire;BB5 5TJ;german@meyerhoff.co.uk
CA1334;100000335;Anika;Marse;231 Wordsworth St;Greater London;HA3 6TH;anika@marse.co.uk
CA1335;100000336;Cristina;Marola;2449 Amberly St #6364;West Yorkshire;LS15 0PQ;cmarola@gmail.com
CA1336;100000337;Lemuel;Allis;8430 Shadwell St;West Midlands;WS5 4SU;lemuel_allis@yahoo.com
CA1337;100000338;Joaquin;Hysom;115 Lister Rd;Lancashire;BB5 2EY;jhysom@gmail.com
CA1338;100000339;Kerrie;Makuch;7855 Sir Thomas St #7499;Cornwall;PL17 8AR;kmakuch@gmail.com
CA1339;100000340;Alaine;Raterman;1 Milton St;Buckinghamshire;HP16 0DH;alaine@hotmail.com
CA1340;100000341;Shannon;Kobayashi;1111 Nesfield St;Greater Manchester;BL2 2SU;shannon@yahoo.com
CA1341;100000342;Corinne;Holman;1831 Richards St #8;Hertfordshire;HP4 2AF;corinne@holman.co.uk
CA1342;100000343;Heidy;Hallford;8054 Low Hill;Gloucestershire;GL52 3BY;hhallford@hotmail.com
CA1343;100000344;Marylyn;Shonerd;7252 Dansie St;Greater London;N2 9JL;marylyn_shonerd@yahoo.com
CA1344;100000345;Maryln;Mortenson;76 Paulton St;Greater London;W2 3JT;maryln@gmail.com
CA1345;100000346;Pearlie;Flori;4 Cochrane St;Kent;ME9 8UJ;pearlie_flori@gmail.com
CA1346;100000347;Nina;Yaklin;5679 Gloucester Pl;Dunbartonshire;G40 4BH;nyaklin@hotmail.com
CA1347;100000348;Vivienne;Torrain;45 Ledward St;West Yorkshire;BD15 0NJ;vivienne@hotmail.com
CA1348;100000349;Jacob;Kippel;4 Monmouth Rd;Rhondda Cynon Taff;CF40 2JJ;jacob.kippel@yahoo.com
CA1349;100000350;Tula;Nahmias;64 Croyland St;Clackmannanshire;FK10 2LA;tnahmias@nahmias.co.uk
CA1350;100000351;Berry;Scandalis;4 Vivian St;Lancashire;BB2 6LB;berry.scandalis@gmail.com
CA1351;100000352;Kaycee;Carsten;35 Dublin St;Gloucestershire;GL7 2EY;kaycee.carsten@gmail.com
CA1352;100000353;Melvin;Setter;87 Pickup St;Hereford and Worcester;DY10 2ZQ;melvin_setter@setter.co.uk
CA1353;100000354;Brianne;Matsumura;7 Cottenham St;North Lanarkshire;ML1 4TD;brianne@matsumura.co.uk
CA1354;100000355;Eugene;Pelzer;622 Holmes St;Staffordshire;WV10 0AW;eugene_pelzer@gmail.com
CA1355;100000356;Margery;Rohrs;40 Peters Lane;North Yorkshire;BD23 4NF;margery@hotmail.com
CA1356;100000357;Noel;Sarra;2 Cockburn St;County Durham;SR7 0AR;nsarra@gmail.com
CA1357;100000358;Beula;Lingo;65 Oban Rd;Cornwall;PL25 5AH;beula_lingo@yahoo.com
CA1358;100000359;Sheridan;Mckenize;31 Davy St;Devon;TQ7 4NF;sheridan.mckenize@hotmail.com
CA1359;100000360;Dino;Meinert;80 Ellerslie Rd;West Sussex;GU31 5JN;dino.meinert@yahoo.com
CA1360;100000361;Rebbeca;Rubinstein;4 Sherwood St;Merseyside;L24 6SH;rebbeca_rubinstein@hotmail.com
CA1361;100000362;Celia;Reisling;8362 Whithorn St;Surrey;KT22 8AP;celia.reisling@hotmail.com
CA1362;100000363;Stefania;Weatherwax;25 Dale St #2;East Dunbartonshire;G66 3LX;sweatherwax@yahoo.com
CA1363;100000364;Leah;Luchterhand;68 Scotland Place;Leicestershire;LE11 2NX;leah@hotmail.com
CA1364;100000365;Billy;Selma;338 Alfonso Rd;Devon;EX2 8LL;billy.selma@yahoo.com
CA1365;100000366;Doug;Lucore;65 Rankin St;Northamptonshire;NN11 3QR;dlucore@yahoo.com
CA1366;100000367;Veronica;Mcclodden;8 Cookson St;West Yorkshire;LS15 9EP;veronica@hotmail.com
CA1367;100000368;Laquanda;Kho;7 Lockhart St;West Midlands;B14 5HS;laquanda.kho@yahoo.com
CA1368;100000369;Mohammad;Poitra;363 Vandries St;Essex;SS0 7TF;mpoitra@yahoo.com
CA1369;100000370;Mozell;Westad;8 Gertrude St;Greater Manchester;OL5 0QJ;mozell.westad@westad.co.uk
CA1370;100000371;Bronwyn;Bridgford;826 Rumney Rd West #7;Highland;IV15 9SD;bronwyn.bridgford@yahoo.com
CA1371;100000372;Jeff;Brossoit;954 Madelaine St;Wiltshire;SN5 8WG;jeff.brossoit@yahoo.com
CA1372;100000373;Shantay;Hopman;7602 Brook St #86;Nottinghamshire;NG18 9SZ;shopman@hopman.co.uk
CA1373;100000374;Chantay;Jirsa;966 Bower St;Surrey;GU16 9BB;chantay_jirsa@jirsa.co.uk
CA1374;100000375;Keneth;Stpierrie;2 Seacombe St;Greater Manchester;OL15 0JP;keneth_stpierrie@hotmail.com
CA1375;100000376;Alton;Rampy;83 Battenburg St;South Ayrshire;KA26 0DY;alton_rampy@gmail.com
CA1376;100000377;Patrick;Teisberg;2 Whitefield Rd;Essex;SS9 2DJ;patrick@hotmail.com
CA1377;100000378;Theron;Merriam;869 Luke St;Surrey;GU5 0QU;theron@merriam.co.uk
CA1378;100000379;Pilar;Seelig;4 Ogwen St;West Sussex;PO19 9PF;pilar@yahoo.com
CA1379;100000380;Lashunda;Argiro;205 Forge St #4021;North Yorkshire;LS21 2LS;lashunda@yahoo.com
CA1380;100000381;Verda;Chiphe;999 Upper Harrington St #61;Merseyside;WA12 9WX;vchiphe@chiphe.co.uk
CA1381;100000382;Ashley;Tropp;3 Greenleaf St #5644;Northumberland;NE24 2RY;ashley.tropp@gmail.com
CA1382;100000383;Vesta;Havely;493 Wellington Rd;Lancashire;PR3 0UH;vhavely@havely.co.uk
CA1383;100000384;Emogene;Ritthaler;1257 Stone St;Greater London;HA6 1AN;emogene.ritthaler@yahoo.com
CA1384;100000385;Shayne;Mordhorst;1 Bousfield St;Shropshire;SY3 8NG;smordhorst@mordhorst.co.uk
CA1385;100000386;Franchesca;Charry;59 Westminster Rd;Hampshire;GU14 8AY;franchesca@gmail.com
CA1386;100000387;Elmira;Ringlein;143 Clark St #802;Greater Manchester;BL1 2PS;eringlein@gmail.com
CA1387;100000388;Destiny;Madlem;421 Monument Place #44;Stockton-on-Tees;TS21 1BA;destiny@yahoo.com
CA1388;100000389;Gaston;Szumski;8 Gullett St;Aberdeenshire;AB51 0HT;gaston.szumski@hotmail.com
CA1389;100000390;Ronna;Mittler;2767 Pembroke St #979;Wiltshire;SN10 3FQ;ronna_mittler@hotmail.com
CA1390;100000391;Angelica;Poisso;47 Orry St #8243;West Yorkshire;WF10 4DW;apoisso@gmail.com
CA1391;100000392;Casie;Arzilli;5 Noon St;Leicestershire;LE13 0RG;casie@gmail.com
CA1392;100000393;Magdalene;Cocherell;510 Belvidere Rd;Essex;CM1 4BY;magdalene_cocherell@yahoo.com
CA1393;100000394;Erasmo;Gath;860 Rokeby St;Berkshire;SL5 0AZ;egath@hotmail.com
CA1394;100000395;Rosalia;Ziv;9362 Solomon St #97;Northamptonshire;NN8 4DR;rosalia.ziv@ziv.co.uk
CA1395;100000396;Lyda;Cronholm;916 Strand St #4753;Staffordshire;ST13 5AW;lyda.cronholm@cronholm.co.uk
CA1396;100000397;Lisandra;Stueber;5 Bentinck St;Greater London;SW1V 3EW;lisandra_stueber@hotmail.com
CA1397;100000398;Sabina;Prok;954 Birchdale Rd;Nottinghamshire;NG8 5PY;sabina.prok@prok.co.uk
CA1398;100000399;Elenore;Gomoran;7 Great Orford St;Cornwall;PL17 7DT;elenore_gomoran@yahoo.com
CA1399;100000400;Brynn;Capra;488 Mulberry St;Nottinghamshire;NG15 9AE;brynn_capra@yahoo.com
CA1400;100000401;Leeann;Flory;1761 Johnstone St;Essex;CM17 9TZ;leeann@gmail.com
CA1401;100000402;Janet;Steimer;8899 Mere Lane;City of Edinburgh;EH20 9SJ;janet_steimer@hotmail.com
CA1402;100000403;Lewis;Mellom;6 St Hilda St;South Yorkshire;S1 1EQ;lewis@yahoo.com
CA1403;100000404;Jestine;Driscol;2725 Underley St #6452;Falkirk;FK3 8UB;jestine_driscol@driscol.co.uk
CA1404;100000405;Tatum;Parks;6061 Back Nile St;Conwy;LL28 4NL;tparks@parks.co.uk
CA1405;100000406;Kayleigh;Bendle;9735 Linton St #2284;Aberdeenshire;AB16 7RW;kayleigh.bendle@bendle.co.uk
CA1406;100000407;Lili;Imondi;9 Herbert St;Northumberland;NE24 3DQ;lili_imondi@hotmail.com
CA1407;100000408;Sunshine;Senechal;40 Cairo St;Warwickshire;CV34 5LQ;sunshine.senechal@hotmail.com
CA1408;100000409;Remona;Heier;7199 St Clare Rd;Inverclyde;PA16 7BT;remona.heier@heier.co.uk
CA1409;100000410;Gail;Carris;6 Conyers St #3346;South Lanarkshire;ML3 7TE;gcarris@hotmail.com
CA1410;100000411;Dong;Oropeza;8657 Cedar St #2;Perth and Kinross;KY13 8EQ;doropeza@hotmail.com
CA1411;100000412;Larue;Ocacio;8 Jacob St;Nottinghamshire;NG5 6JB;larue@yahoo.com
CA1412;100000413;Goldie;Sonkens;6174 Botanic Pl;Cambridgeshire;PE3 7BJ;gsonkens@sonkens.co.uk
CA1413;100000414;Shelia;Plues;9730 Dunnet St;Cumbria;CA7 4RB;shelia@gmail.com
CA1414;100000415;Narcisa;Araiza;8783 High St;Cambridgeshire;CB24 6ZR;naraiza@hotmail.com
CA1415;100000416;Evelynn;Frede;8 Breckfield Road North;County Durham;SR7 0AZ;evelynn.frede@gmail.com
CA1416;100000417;Arlean;Calaf;82 Waterhouse Lane;Rhondda Cynon Taff;CF72 8LB;acalaf@yahoo.com
CA1417;100000418;Tamra;Yu;2 Park Rd Walton #4338;Gloucestershire;GL50 2LF;tamra.yu@hotmail.com
CA1418;100000419;Dusti;Maricle;59 Charles St;Kent;TN23 4GF;dusti@gmail.com
CA1419;100000420;Aracelis;Donham;593 Kinglake St;Cambridgeshire;SG8 7TP;aracelis.donham@hotmail.com
CA1420;100000421;Filiberto;Fredrikson;404 Aigburth St #4246;Lancashire;BB1 2AA;filiberto_fredrikson@gmail.com
CA1421;100000422;Leana;Stackpole;690 Copenhagen Rd;Norfolk;NR23 1NJ;lstackpole@yahoo.com
CA1422;100000423;Man;Homer;7 Canton St;Greater London;N1 4RF;man.homer@gmail.com
CA1423;100000424;Lennie;Asley;79 Pine St;Greater Manchester;M26 1GH;lennie_asley@gmail.com
CA1424;100000425;Arletta;Naomi;9 Lodwick St;West Yorkshire;LS1 8HZ;arletta_naomi@naomi.co.uk
CA1425;100000426;Chana;Perera;9 Ogwen St;North Lanarkshire;ML2 8LW;chana.perera@hotmail.com
CA1426;100000427;Nell;Pao;1730 Seymour St;Brighton and Hove;BN41 1QH;npao@gmail.com
CA1427;100000428;Antonio;Heilig;35 Elton St #3;Devon;TQ12 5LL;antonio.heilig@gmail.com
CA1428;100000429;Gerald;Kernagis;8 Hinton St #8241;Kent;TN25 6BQ;gerald_kernagis@kernagis.co.uk
CA1429;100000430;Sueann;Mandril;751 Stamford St;Staffordshire;ST9 0AH;smandril@hotmail.com
CA1430;100000431;Alayna;Hoyal;70 Royal St;Aberdeenshire;AB31 4AH;alayna_hoyal@hotmail.com
CA1431;100000432;Talia;Marthe;5 Minerva St;Wiltshire;BA13 3QR;talia.marthe@gmail.com
CA1432;100000433;Pansy;Kopan;1 Northampton St;Shropshire;TF7 4GA;pansy@kopan.co.uk
CA1433;100000434;Royce;Saik;2 Maple Grove;Aberdeenshire;AB12 5EJ;royce@hotmail.com
CA1434;100000435;Cherelle;Sorrel;794 Hook St;Tyne and Wear;NE15 7JA;cherelle_sorrel@gmail.com
CA1435;100000436;Dudley;Dibartolo;91 Ludlow St;Greater London;N12 0EF;dudley_dibartolo@yahoo.com
CA1436;100000437;Nettie;Aldaco;51 Freehold St #224;Yorkshire, South;DN2 4PP;nettie.aldaco@yahoo.com
CA1437;100000438;Carline;Bulcao;7 Hey Green Rd #4;West Yorkshire;LS26 8XE;carline@yahoo.com
CA1438;100000439;Shanda;Lunger;2476 Marsh St;Greater London;E17 8NP;slunger@gmail.com
CA1439;100000440;Emilio;Withers;597 Threlfall St #72;Devon;TQ7 2HS;emilio_withers@yahoo.com
CA1440;100000441;Lovetta;Study;1 Jervis St;Greater London;EN5 4LH;lovetta@study.co.uk
CA1441;100000442;Felice;Gone;7602 Grantham St;Northumberland;NE46 1QQ;felice.gone@hotmail.com
CA1442;100000443;Stefania;Leadbeater;10 Carisbrooke St;Kent;DA12 3ED;stefania_leadbeater@hotmail.com
CA1443;100000444;Margarita;Orloski;78 Pine Grove;South Yorkshire;S6 5HE;margarita_orloski@yahoo.com
CA1444;100000445;Paul;Farrin;7 Varthen St;Kent;DA1 2DL;paul.farrin@farrin.co.uk
CA1445;100000446;Anglea;Tritten;8 Thomaston St;Greater Manchester;BL1 8RG;anglea_tritten@hotmail.com
CA1446;100000447;Ona;Bowhall;527 Harding St;Lincolnshire;LN8 3AD;ona@yahoo.com
CA1447;100000448;Germaine;Hascall;1616 Menzies St #453;Surrey;KT20 7PA;ghascall@hotmail.com
CA1448;100000449;Vicky;Schellenberge;3922 Leda St;Warwickshire;CV35 9BX;vschellenberge@hotmail.com
CA1449;100000450;Carolann;Gross;6352 Grosvenor St;Staffordshire;WV5 0LP;carolann@gross.co.uk
CA1450;100000451;Rusty;Adelsperger;4313 Princes Park Terrace;Cornwall;PL15 9QN;rusty.adelsperger@yahoo.com
CA1451;100000452;Cassandra;Bludworth;9 Sydney Place;Conwy;LL16 5AF;cbludworth@yahoo.com
CA1452;100000453;Teresita;Gesell;2015 Suburban Rd;Greater London;N16 6TD;teresita_gesell@hotmail.com
CA1453;100000454;Evangelina;Gius;769 Euston St;Somerset;BA6 8EY;evangelina.gius@yahoo.com
CA1454;100000455;Marlon;Tromblay;46 Stevenson St;Dundee City;DD1 5EF;mtromblay@yahoo.com
CA1455;100000456;Quiana;Scarsella;1400 Ash St;Norfolk;NR1 4HS;quiana_scarsella@hotmail.com
CA1456;100000457;Viki;Humeniuk;8822 Trafalgar St;Kent;ME18 6JE;vhumeniuk@gmail.com
CA1457;100000458;Domitila;Weissmann;28 Berwick St;Bournemouth;BH9 1TT;domitila@gmail.com
CA1458;100000459;Ivan;Aronov;94 Regent St;Lancashire;LA6 1DB;ivan@gmail.com
CA1459;100000460;Anabel;Baldock;30 Marine Parade #1;Lancashire;FY5 4FN;anabel_baldock@hotmail.com
CA1460;100000461;Carlton;Blyler;8 Pim Hill St;City of Edinburgh;EH15 2HW;carlton@blyler.co.uk
CA1461;100000462;Rashida;Vera;8451 Bengel St;Devon;TQ5 9JW;rashida@hotmail.com
CA1462;100000463;Sherron;Knodel;159 Carlton St;Merseyside;WA10 6QG;sherron@knodel.co.uk
CA1463;100000464;Cora;Mossing;38 Raffles St;Cambridgeshire;CB8 8QE;cora@yahoo.com
CA1464;100000465;Altha;Tischner;650 Goring St;Kent;ME8 9PN;altha@hotmail.com
CA1465;100000466;Dortha;Yaccarino;6 Chestnut St;Wrexham;LL11 4RJ;dortha@hotmail.com
CA1466;100000467;Diego;Augle;4 Peover St;Bath Avon;BA1 6EF;diego.augle@gmail.com
CA1467;100000468;Peggy;Khov;328 Pallas St;Greater Manchester;M32 8LJ;peggy.khov@gmail.com
CA1468;100000469;Walton;Yuki;9 Waltham Rd;Devon;PL8 2NS;wyuki@gmail.com
CA1469;100000470;Vallie;Yafaie;352 Strathmore Rd;Devon;TQ2 7JB;vyafaie@hotmail.com
CA1470;100000471;Tony;Diazdeleon;529 Llanrwst St;Gloucestershire;GL52 8TW;tony@gmail.com
CA1471;100000472;Val;Villot;1980 Tynemouth St;West Lothian;EH52 5PY;val@yahoo.com
CA1472;100000473;Mel;Picciuto;8598 Rumney Rd;Essex;RM11 1QL;mel.picciuto@gmail.com
CA1473;100000474;Isabella;Piatkowski;9283 Ruth St #81;Greater London;UB1 2FH;isabella_piatkowski@piatkowski.co.uk
CA1474;100000475;Erasmo;Rhea;5544 Sutherland St;Devon;EX34 7DQ;erasmo_rhea@hotmail.com
CA1475;100000476;Ivory;Lohrenz;9 Jackson St;Merseyside;WA9 3QW;ivory@hotmail.com
CA1476;100000477;Nikita;Walka;3612 Bixteth St;Nottinghamshire;NG15 8DD;nwalka@hotmail.com
CA1477;100000478;Aleta;Ligons;4545 Victoria Rd;North Ayrshire;KA15 1AT;aleta_ligons@hotmail.com
CA1478;100000479;Owen;Jentzen;5 Hampden St;Merseyside;CH45 4RN;owen_jentzen@jentzen.co.uk
CA1479;100000480;Pauline;Fling;6452 Pilgrim St #5;Greater London;N15 6TH;pfling@fling.co.uk
CA1480;100000481;Tijuana;Machalek;1149 Highfield Rd #996;Hampshire;PO14 9JJ;tijuana.machalek@gmail.com
CA1481;100000482;Ahmad;Alsaqri;21 Pickwick St;Derbyshire;S44 5DS;ahmad.alsaqri@yahoo.com
CA1482;100000483;Jamika;Conoly;19 Soho St;Berkshire;RG1 9XH;jamika_conoly@conoly.co.uk
CA1483;100000484;Derrick;Dolloff;236 Blantyre Rd;Merseyside;L6 2EN;derrick_dolloff@gmail.com
CA1484;100000485;Jacquelyne;Reibman;70 Lilly Rd;Greater London;CR0 7PT;jacquelyne_reibman@yahoo.com
CA1485;100000486;Zachary;Freeburger;58 Gloucester Rd;Derbyshire;DE56 0TX;zachary.freeburger@freeburger.co.uk
CA1486;100000487;Sophia;Gaucher;88 Upper Harrington St;North Lanarkshire;G69 8EL;sophia.gaucher@hotmail.com
CA1487;100000488;Isabelle;Kono;4920 Fazakerley Rd;Devon;PL9 8RD;isabelle.kono@yahoo.com
CA1488;100000489;Ronnie;Brigman;6 Morley St;Hertfordshire;AL3 5JN;ronnie@brigman.co.uk
CA1489;100000490;Krystina;Schlabaugh;7316 Friar St;West Sussex;BN13 3FL;kschlabaugh@schlabaugh.co.uk
CA1490;100000491;Rosita;Ausdemore;8 Heathfield St #657;East Sussex;BN27 1AJ;rausdemore@hotmail.com
CA1491;100000492;Huey;Stancil;275 Peel Sq;North Eart Lincolnshire;DN32 0PT;hstancil@hotmail.com
CA1492;100000493;Elbert;Fiorino;726 Westmoreland Place;East Ayrshire;KA5 6EL;elbert@hotmail.com
CA1493;100000494;Pura;Manciel;7 Water St;Suffolk;IP3 9RB;pura.manciel@yahoo.com
CA1494;100000495;Alesia;Katie;4 Covent Garden;Greater Manchester;BL4 7AF;alesia_katie@gmail.com
CA1495;100000496;Avery;Veit;9166 Devon St #905;Greater London;SW1W 8JY;avery@veit.co.uk
CA1496;100000497;Reid;Euresti;70 Foster St;Highland;IV2 6WT;reuresti@euresti.co.uk
CA1497;100000498;Charlette;Brenning;714 Fonthill Rd;South Yorkshire;S75 5EJ;cbrenning@brenning.co.uk
CA1498;100000499;Celestina;Keeny;9 Milton St;County Durham;DH8 5LP;celestina_keeny@gmail.com
CA1499;100000500;Mi;Richan;6 Norwood Grove;Warwickshire;B94 5RZ;mi@hotmail.com
