customer_id;bsn_number;first_name;last_name;address;country;post_code;email
CA7000;20000001;James;Butt;6649 N Blue Gum St;Orleans;70116;jbutt@gmail.com
CA7001;20000002;Josephine;Darakjy;4 B Blue Ridge Blvd;Livingston;48116;josephine_darakjy@darakjy.org
CA7002;20000003;Art;Venere;8 W Cerritos Ave #54;Gloucester;8014;art@venere.org
CA7003;20000004;Lenna;Paprocki;639 Main St;Anchorage;99501;lpaprocki@hotmail.com
CA7004;20000005;Donette;Foller;34 Center St;Butler;45011;donette.foller@cox.net
CA7005;20000006;Simona;Morasca;3 Mcauley Dr;Ashland;44805;simona@morasca.com
CA7006;20000007;Mitsue;Tollner;7 Eads St;Cook;60632;mitsue_tollner@yahoo.com
CA7007;20000008;Leota;Dilliard;7 W Jackson Blvd;Santa Clara;95111;leota@hotmail.com
CA7008;20000009;Sage;Wieser;5 Boston Ave #88;Minnehaha;57105;sage_wieser@cox.net
CA7009;20000010;Kris;Marrier;228 Runamuck Pl #2808;Baltimore City;21224;kris@gmail.com
CA7010;20000011;Minna;Amigon;2371 Jerrold Ave;Montgomery;19443;minna_amigon@yahoo.com
CA7011;20000012;Abel;Maclead;37275 St  Rt 17m M;Suffolk;11953;amaclead@gmail.com
CA7012;20000013;Kiley;Caldarera;25 E 75th St #69;Los Angeles;90034;kiley.caldarera@aol.com
CA7013;20000014;Graciela;Ruta;98 Connecticut Ave Nw;Geauga;44023;gruta@cox.net
CA7014;20000015;Cammy;Albares;56 E Morehead St;Webb;78045;calbares@gmail.com
CA7015;20000016;Mattie;Poquette;73 State Road 434 E;Maricopa;85013;mattie@aol.com
CA7016;20000017;Meaghan;Garufi;69734 E Carrillo St;Warren;37110;meaghan@hotmail.com
CA7017;20000018;Gladys;Rim;322 New Horizon Blvd;Milwaukee;53207;gladys.rim@rim.org
CA7018;20000019;Yuki;Whobrey;1 State Route 27;Wayne;48180;yuki_whobrey@aol.com
CA7019;20000020;Fletcher;Flosi;394 Manchester Blvd;Winnebago;61109;fletcher.flosi@yahoo.com
CA7020;20000021;Bette;Nicka;6 S 33rd St;Delaware;19014;bette_nicka@cox.net
CA7021;20000022;Veronika;Inouye;6 Greenleaf Ave;Santa Clara;95111;vinouye@aol.com
CA7022;20000023;Willard;Kolmetz;618 W Yakima Ave;Dallas;75062;willard@hotmail.com
CA7023;20000024;Maryann;Royster;74 S Westgate St;Albany;12204;mroyster@royster.com
CA7024;20000025;Alisha;Slusarski;3273 State St;Middlesex;8846;alisha@slusarski.com
CA7025;20000026;Allene;Iturbide;1 Central Ave;Portage;54481;allene_iturbide@cox.net
CA7026;20000027;Chanel;Caudy;86 Nw 66th St #8673;Johnson;66218;chanel.caudy@caudy.org
CA7027;20000028;Ezekiel;Chui;2 Cedar Ave #84;Talbot;21601;ezekiel@chui.com
CA7028;20000029;Willow;Kusko;90991 Thorburn Ave;New York;10011;wkusko@yahoo.com
CA7029;20000030;Bernardo;Figeroa;386 9th Ave N;Montgomery;77301;bfigeroa@aol.com
CA7030;20000031;Ammie;Corrio;74874 Atlantic Ave;Franklin;43215;ammie@corrio.com
CA7031;20000032;Francine;Vocelka;366 South Dr;Dona Ana;88011;francine_vocelka@vocelka.com
CA7032;20000033;Ernie;Stenseth;45 E Liberty St;Bergen;7660;ernie_stenseth@aol.com
CA7033;20000034;Albina;Glick;4 Ralph Ct;Middlesex;8812;albina@glick.com
CA7034;20000035;Alishia;Sergi;2742 Distribution Way;New York;10025;asergi@gmail.com
CA7035;20000036;Solange;Shinko;426 Wolf St;Jefferson;70002;solange@shinko.com
CA7036;20000037;Jose;Stockham;128 Bransten Rd;New York;10011;jose@yahoo.com
CA7037;20000038;Rozella;Ostrosky;17 Morena Blvd;Ventura;93012;rozella.ostrosky@ostrosky.com
CA7038;20000039;Valentine;Gillian;775 W 17th St;Bexar;78204;valentine_gillian@gmail.com
CA7039;20000040;Kati;Rulapaugh;6980 Dorsett Rd;Dickinson;67410;kati.rulapaugh@hotmail.com
CA7040;20000041;Youlanda;Schemmer;2881 Lewis Rd;Crook;97754;youlanda@aol.com
CA7041;20000042;Dyan;Oldroyd;7219 Woodfield Rd;Johnson;66204;doldroyd@aol.com
CA7042;20000043;Roxane;Campain;1048 Main St;Fairbanks North Star;99708;roxane@hotmail.com
CA7043;20000044;Lavera;Perin;678 3rd Ave;Miami-Dade;33196;lperin@perin.org
CA7044;20000045;Erick;Ferencz;20 S Babcock St;Fairbanks North Star;99712;erick.ferencz@aol.com
CA7045;20000046;Fatima;Saylors;2 Lighthouse Ave;Hennepin;55343;fsaylors@saylors.org
CA7046;20000047;Jina;Briddick;38938 Park Blvd;Suffolk;2128;jina_briddick@briddick.com
CA7047;20000048;Kanisha;Waycott;5 Tomahawk Dr;Los Angeles;90006;kanisha_waycott@yahoo.com
CA7048;20000049;Emerson;Bowley;762 S Main St;Dane;53711;emerson.bowley@bowley.org
CA7049;20000050;Blair;Malet;209 Decker Dr;Philadelphia;19132;bmalet@yahoo.com
CA7050;20000051;Brock;Bolognia;4486 W O St #1;New York;10003;bbolognia@yahoo.com
CA7051;20000052;Lorrie;Nestle;39 S 7th St;Coffee;37388;lnestle@hotmail.com
CA7052;20000053;Sabra;Uyetake;98839 Hawthorne Blvd #6101;Richland;29201;sabra@uyetake.org
CA7053;20000054;Marjory;Mastella;71 San Mateo Ave;Delaware;19087;mmastella@mastella.com
CA7054;20000055;Karl;Klonowski;76 Brooks St #9;Hunterdon;8822;karl_klonowski@yahoo.com
CA7055;20000056;Tonette;Wenner;4545 Courthouse Rd;Nassau;11590;twenner@aol.com
CA7056;20000057;Amber;Monarrez;14288 Foster Ave #4121;Montgomery;19046;amber_monarrez@monarrez.org
CA7057;20000058;Shenika;Seewald;4 Otis St;Los Angeles;91405;shenika@gmail.com
CA7058;20000059;Delmy;Ahle;65895 S 16th St;Providence;2909;delmy.ahle@hotmail.com
CA7059;20000060;Deeanna;Juhas;14302 Pennsylvania Ave;Montgomery;19006;deeanna_juhas@gmail.com
CA7060;20000061;Blondell;Pugh;201 Hawk Ct;Providence;2904;bpugh@aol.com
CA7061;20000062;Jamal;Vanausdal;53075 Sw 152nd Ter #615;Middlesex;8831;jamal@vanausdal.org
CA7062;20000063;Cecily;Hollack;59 N Groesbeck Hwy;Travis;78731;cecily@hollack.org
CA7063;20000064;Carmelina;Lindall;2664 Lewis Rd;Douglas;80126;carmelina_lindall@lindall.com
CA7064;20000065;Maurine;Yglesias;59 Shady Ln #53;Milwaukee;53214;maurine_yglesias@yglesias.com
CA7065;20000066;Tawna;Buvens;3305 Nabell Ave #679;New York;10009;tawna@gmail.com
CA7066;20000067;Penney;Weight;18 Fountain St;Anchorage;99515;penney_weight@aol.com
CA7067;20000068;Elly;Morocco;7 W 32nd St;Erie;16502;elly_morocco@gmail.com
CA7068;20000069;Ilene;Eroman;2853 S Central Expy;Anne Arundel;21061;ilene.eroman@hotmail.com
CA7069;20000070;Vallie;Mondella;74 W College St;Ada;83707;vmondella@mondella.com
CA7070;20000071;Kallie;Blackwood;701 S Harrison Rd;San Francisco;94104;kallie.blackwood@gmail.com
CA7071;20000072;Johnetta;Abdallah;1088 Pinehurst St;Orange;27514;johnetta_abdallah@aol.com
CA7072;20000073;Bobbye;Rhym;30 W 80th St #1995;San Mateo;94070;brhym@rhym.com
CA7073;20000074;Micaela;Rhymes;20932 Hedley St;Contra Costa;94520;micaela_rhymes@gmail.com
CA7074;20000075;Tamar;Hoogland;2737 Pistorio Rd #9230;Madison;43140;tamar@hotmail.com
CA7075;20000076;Moon;Parlato;74989 Brandon St;Allegany;14895;moon@yahoo.com
CA7076;20000077;Laurel;Reitler;6 Kains Ave;Baltimore City;21215;laurel_reitler@reitler.com
CA7077;20000078;Delisa;Crupi;47565 W Grand Ave;Essex;7105;delisa.crupi@crupi.com
CA7078;20000079;Viva;Toelkes;4284 Dorigo Ln;Cook;60647;viva.toelkes@gmail.com
CA7079;20000080;Elza;Lipke;6794 Lake Dr E;Essex;7104;elza@yahoo.com
CA7080;20000081;Devorah;Chickering;31 Douglas Blvd #950;Curry;88101;devorah@hotmail.com
CA7081;20000082;Timothy;Mulqueen;44 W 4th St;Richmond;10309;timothy_mulqueen@mulqueen.org
CA7082;20000083;Arlette;Honeywell;11279 Loytan St;Duval;32254;ahoneywell@honeywell.com
CA7083;20000084;Dominque;Dickerson;69 Marquette Ave;Alameda;94545;dominque.dickerson@dickerson.org
CA7084;20000085;Lettie;Isenhower;70 W Main St;Cuyahoga;44122;lettie_isenhower@yahoo.com
CA7085;20000086;Myra;Munns;461 Prospect Pl #316;Tarrant;76040;mmunns@cox.net
CA7086;20000087;Stephaine;Barfield;47154 Whipple Ave Nw;Los Angeles;90247;stephaine@barfield.com
CA7087;20000088;Lai;Gato;37 Alabama Ave;Cook;60201;lai.gato@gato.org
CA7088;20000089;Stephen;Emigh;3777 E Richmond St #900;Summit;44302;stephen_emigh@hotmail.com
CA7089;20000090;Tyra;Shields;3 Fort Worth Ave;Philadelphia;19106;tshields@gmail.com
CA7090;20000091;Tammara;Wardrip;4800 Black Horse Pike;San Mateo;94010;twardrip@cox.net
CA7091;20000092;Cory;Gibes;83649 W Belmont Ave;Los Angeles;91776;cory.gibes@gmail.com
CA7092;20000093;Danica;Bruschke;840 15th Ave;McLennan;76708;danica_bruschke@gmail.com
CA7093;20000094;Wilda;Giguere;1747 Calle Amanecer #2;Anchorage;99501;wilda@cox.net
CA7094;20000095;Elvera;Benimadho;99385 Charity St #840;Santa Clara;95110;elvera.benimadho@cox.net
CA7095;20000096;Carma;Vanheusen;68556 Central Hwy;Alameda;94577;carma@cox.net
CA7096;20000097;Malinda;Hochard;55 Riverside Ave;Marion;46202;malinda.hochard@yahoo.com
CA7097;20000098;Natalie;Fern;7140 University Ave;Sweetwater;82901;natalie.fern@hotmail.com
CA7098;20000099;Lisha;Centini;64 5th Ave #1153;Fairfax;22102;lisha@centini.org
CA7099;20000100;Arlene;Klusman;3 Secor Rd;Orleans;70112;arlene_klusman@gmail.com
CA7100;20000101;Alease;Buemi;4 Webbs Chapel Rd;Boulder;80303;alease@buemi.com
CA7101;20000102;Louisa;Cronauer;524 Louisiana Ave Nw;Alameda;94577;louisa@cronauer.com
CA7102;20000103;Angella;Cetta;185 Blackstone Bldge;Honolulu;96817;angella.cetta@hotmail.com
CA7103;20000104;Cyndy;Goldammer;170 Wyoming Ave;Dakota;55337;cgoldammer@cox.net
CA7104;20000105;Rosio;Cork;4 10th St W;Guilford;27263;rosio.cork@gmail.com
CA7105;20000106;Celeste;Korando;7 W Pinhook Rd;Nassau;11563;ckorando@hotmail.com
CA7106;20000107;Twana;Felger;1 Commerce Way;Washington;97224;twana.felger@felger.org
CA7107;20000108;Estrella;Samu;64 Lakeview Ave;Rock;53511;estrella@aol.com
CA7108;20000109;Donte;Kines;3 Aspen St;Worcester;1602;dkines@hotmail.com
CA7109;20000110;Tiffiny;Steffensmeier;32860 Sierra Rd;Miami-Dade;33133;tiffiny_steffensmeier@cox.net
CA7110;20000111;Edna;Miceli;555 Main St;Erie;16502;emiceli@miceli.org
CA7111;20000112;Sue;Kownacki;2 Se 3rd Ave;Dallas;75149;sue@aol.com
CA7112;20000113;Jesusa;Shin;2239 Shawnee Mission Pky;Coffee;37388;jshin@shin.com
CA7113;20000114;Rolland;Francescon;2726 Charcot Ave;Passaic;7501;rolland@cox.net
CA7114;20000115;Pamella;Schmierer;5161 Dorsett Rd;Miami-Dade;33030;pamella.schmierer@schmierer.org
CA7115;20000116;Glory;Kulzer;55892 Jacksonville Rd;Baltimore;21117;gkulzer@kulzer.org
CA7116;20000117;Shawna;Palaspas;5 N Cleveland Massillon Rd;Ventura;91362;shawna_palaspas@palaspas.org
CA7117;20000118;Brandon;Callaro;7 Benton Dr;Honolulu;96819;brandon_callaro@hotmail.com
CA7118;20000119;Scarlet;Cartan;9390 S Howell Ave;Dougherty;31701;scarlet.cartan@yahoo.com
CA7119;20000120;Oretha;Menter;8 County Center Dr #647;Suffolk;2210;oretha_menter@yahoo.com
CA7120;20000121;Ty;Smith;4646 Kaahumanu St;Bergen;7601;tsmith@aol.com
CA7121;20000122;Xuan;Rochin;2 Monroe St;San Mateo;94403;xuan@gmail.com
CA7122;20000123;Lindsey;Dilello;52777 Leaders Heights Rd;San Bernardino;91761;lindsey.dilello@hotmail.com
CA7123;20000124;Devora;Perez;72868 Blackington Ave;Alameda;94606;devora_perez@perez.org
CA7124;20000125;Herman;Demesa;9 Norristown Rd;Rensselaer;12180;hdemesa@cox.net
CA7125;20000126;Rory;Papasergi;83 County Road 437 #8581;Lackawanna;18411;rpapasergi@cox.net
CA7126;20000127;Talia;Riopelle;1 N Harlem Ave #9;Essex;7050;talia_riopelle@aol.com
CA7127;20000128;Van;Shire;90131 J St;Hunterdon;8867;van.shire@shire.com
CA7128;20000129;Lucina;Lary;8597 W National Ave;Brevard;32922;lucina_lary@cox.net
CA7129;20000130;Bok;Isaacs;6 Gilson St;Bronx;10468;bok.isaacs@aol.com
CA7130;20000131;Rolande;Spickerman;65 W Maple Ave;Honolulu;96782;rolande.spickerman@spickerman.com
CA7131;20000132;Howard;Paulas;866 34th Ave;Denver;80231;hpaulas@gmail.com
CA7132;20000133;Kimbery;Madarang;798 Lund Farm Way;Morris;7866;kimbery_madarang@cox.net
CA7133;20000134;Thurman;Manno;9387 Charcot Ave;Atlantic;8201;thurman.manno@yahoo.com
CA7134;20000135;Becky;Mirafuentes;30553 Washington Rd;Union;7062;becky.mirafuentes@mirafuentes.com
CA7135;20000136;Beatriz;Corrington;481 W Lemon St;Plymouth;2346;beatriz@yahoo.com
CA7136;20000137;Marti;Maybury;4 Warehouse Point Rd #7;Cook;60638;marti.maybury@yahoo.com
CA7137;20000138;Nieves;Gotter;4940 Pulaski Park Dr;Multnomah;97202;nieves_gotter@gmail.com
CA7138;20000139;Leatha;Hagele;627 Walford Ave;Dallas;75227;lhagele@cox.net
CA7139;20000140;Valentin;Klimek;137 Pioneer Way;Cook;60604;vklimek@klimek.org
CA7140;20000141;Melissa;Wiklund;61 13 Stoneridge #835;Hancock;45840;melissa@cox.net
CA7141;20000142;Sheridan;Zane;2409 Alabama Rd;Riverside;92501;sheridan.zane@zane.com
CA7142;20000143;Bulah;Padilla;8927 Vandever Ave;McLennan;76707;bulah_padilla@hotmail.com
CA7143;20000144;Audra;Kohnert;134 Lewis Rd;Davidson;37211;audra@kohnert.com
CA7144;20000145;Daren;Weirather;9 N College Ave #3;Milwaukee;53216;dweirather@aol.com
CA7145;20000146;Fernanda;Jillson;60480 Old Us Highway 51;Caroline;21655;fjillson@aol.com
CA7146;20000147;Gearldine;Gellinger;4 Bloomfield Ave;Dallas;75061;gearldine_gellinger@gellinger.com
CA7147;20000148;Chau;Kitzman;429 Tiger Ln;Los Angeles;90212;chau@gmail.com
CA7148;20000149;Theola;Frey;54169 N Main St;Nassau;11758;theola_frey@frey.com
CA7149;20000150;Cheryl;Haroldson;92 Main St;Atlantic;8401;cheryl@haroldson.org
CA7150;20000151;Laticia;Merced;72 Mannix Dr;Hamilton;45203;lmerced@gmail.com
CA7151;20000152;Carissa;Batman;12270 Caton Center Dr;Lane;97401;carissa.batman@yahoo.com
CA7152;20000153;Lezlie;Craghead;749 W 18th St #45;Johnston;27577;lezlie.craghead@craghead.org
CA7153;20000154;Ozell;Shealy;8 Industry Ln;New York;10002;oshealy@hotmail.com
CA7154;20000155;Arminda;Parvis;1 Huntwood Ave;Maricopa;85017;arminda@parvis.com
CA7155;20000156;Reita;Leto;55262 N French Rd;Marion;46240;reita.leto@gmail.com
CA7156;20000157;Yolando;Luczki;422 E 21st St;Onondaga;13214;yolando@cox.net
CA7157;20000158;Lizette;Stem;501 N 19th Ave;Camden;8002;lizette.stem@aol.com
CA7158;20000159;Gregoria;Pawlowicz;455 N Main Ave;Nassau;11530;gpawlowicz@yahoo.com
CA7159;20000160;Carin;Deleo;1844 Southern Blvd;Pulaski;72202;cdeleo@deleo.com
CA7160;20000161;Chantell;Maynerich;2023 Greg St;Ramsey;55101;chantell@yahoo.com
CA7161;20000162;Dierdre;Yum;63381 Jenks Ave;Philadelphia;19134;dyum@yahoo.com
CA7162;20000163;Larae;Gudroe;6651 Municipal Rd;Terrebonne;70360;larae_gudroe@gmail.com
CA7163;20000164;Latrice;Tolfree;81 Norris Ave #525;Suffolk;11779;latrice.tolfree@hotmail.com
CA7164;20000165;Kerry;Theodorov;6916 W Main St;Sacramento;95827;kerry.theodorov@gmail.com
CA7165;20000166;Dorthy;Hidvegi;9635 S Main St;Ada;83704;dhidvegi@yahoo.com
CA7166;20000167;Fannie;Lungren;17 Us Highway 111;Williamson;78664;fannie.lungren@yahoo.com
CA7167;20000168;Evangelina;Radde;992 Civic Center Dr;Philadelphia;19123;evangelina@aol.com
CA7168;20000169;Novella;Degroot;303 N Radcliffe St;Hawaii;96720;novella_degroot@degroot.org
CA7169;20000170;Clay;Hoa;73 Saint Ann St #86;Washoe;89502;choa@hoa.org
CA7170;20000171;Jennifer;Fallick;44 58th St;Cook;60090;jfallick@yahoo.com
CA7171;20000172;Irma;Wolfgramm;9745 W Main St;Morris;7869;irma.wolfgramm@hotmail.com
CA7172;20000173;Eun;Coody;84 Bloomfield Ave;Spartanburg;29301;eun@yahoo.com
CA7173;20000174;Sylvia;Cousey;287 Youngstown Warren Rd;Carroll;21074;sylvia_cousey@cousey.org
CA7174;20000175;Nana;Wrinkles;6 Van Buren St;Westchester;10553;nana@aol.com
CA7175;20000176;Layla;Springe;229 N Forty Driv;New York;10011;layla.springe@cox.net
CA7176;20000177;Joesph;Degonia;2887 Knowlton St #5435;Alameda;94710;joesph_degonia@degonia.org
CA7177;20000178;Annabelle;Boord;523 Marquette Ave;Middlesex;1742;annabelle.boord@cox.net
CA7178;20000179;Stephaine;Vinning;3717 Hamann Industrial Pky;San Francisco;94104;stephaine@cox.net
CA7179;20000180;Nelida;Sawchuk;3 State Route 35 S;Bergen;7652;nelida@gmail.com
CA7180;20000181;Marguerita;Hiatt;82 N Highway 67;Contra Costa;94561;marguerita.hiatt@gmail.com
CA7181;20000182;Carmela;Cookey;9 Murfreesboro Rd;Cook;60623;ccookey@cookey.org
CA7182;20000183;Junita;Brideau;6 S Broadway St;Essex;7009;jbrideau@aol.com
CA7183;20000184;Claribel;Varriano;6 Harry L Dr #6327;Wood;43551;claribel_varriano@cox.net
CA7184;20000185;Benton;Skursky;47939 Porter Ave;Los Angeles;90248;benton.skursky@aol.com
CA7185;20000186;Hillary;Skulski;9 Wales Rd Ne #914;Citrus;34448;hillary.skulski@aol.com
CA7186;20000187;Merilyn;Bayless;195 13n N;Santa Clara;95054;merilyn_bayless@cox.net
CA7187;20000188;Teri;Ennaco;99 Tank Farm Rd;Luzerne;18201;tennaco@gmail.com
CA7188;20000189;Merlyn;Lawler;4671 Alemany Blvd;Hudson;7304;merlyn_lawler@hotmail.com
CA7189;20000190;Georgene;Montezuma;98 University Dr;Contra Costa;94583;gmontezuma@cox.net
CA7190;20000191;Jettie;Mconnell;50 E Wacker Dr;Somerset;8807;jmconnell@hotmail.com
CA7191;20000192;Lemuel;Latzke;70 Euclid Ave #722;Suffolk;11716;lemuel.latzke@gmail.com
CA7192;20000193;Melodie;Knipp;326 E Main St #6496;Ventura;91362;mknipp@gmail.com
CA7193;20000194;Candida;Corbley;406 Main St;Somerset;8876;candida_corbley@hotmail.com
CA7194;20000195;Karan;Karpin;3 Elmwood Dr;Washington;97005;karan_karpin@gmail.com
CA7195;20000196;Andra;Scheyer;9 Church St;Marion;97302;andra@gmail.com
CA7196;20000197;Felicidad;Poullion;9939 N 14th St;Burlington;8077;fpoullion@poullion.com
CA7197;20000198;Belen;Strassner;5384 Southwyck Blvd;Douglas;30135;belen_strassner@aol.com
CA7198;20000199;Gracia;Melnyk;97 Airport Loop Dr;Duval;32216;gracia@melnyk.com
CA7199;20000200;Jolanda;Hanafan;37855 Nolan Rd;Penobscot;4401;jhanafan@gmail.com
CA7200;20000201;Barrett;Toyama;4252 N Washington Ave #9;Tarrant;76060;barrett.toyama@toyama.org
CA7201;20000202;Helga;Fredicks;42754 S Ash Ave;Erie;14228;helga_fredicks@yahoo.com
CA7202;20000203;Ashlyn;Pinilla;703 Beville Rd;Miami-Dade;33054;apinilla@cox.net
CA7203;20000204;Fausto;Agramonte;5 Harrison Rd;New York;10038;fausto_agramonte@yahoo.com
CA7204;20000205;Ronny;Caiafa;73 Southern Blvd;Philadelphia;19103;ronny.caiafa@caiafa.org
CA7205;20000206;Marge;Limmel;189 Village Park Rd;Okaloosa;32536;marge@gmail.com
CA7206;20000207;Norah;Waymire;6 Middlegate Rd #106;San Francisco;94107;norah.waymire@gmail.com
CA7207;20000208;Aliza;Baltimore;1128 Delaware St;Santa Clara;95132;aliza@aol.com
CA7208;20000209;Mozell;Pelkowski;577 Parade St;San Mateo;94080;mpelkowski@pelkowski.org
CA7209;20000210;Viola;Bitsuie;70 Mechanic St;Los Angeles;91325;viola@gmail.com
CA7210;20000211;Franklyn;Emard;4379 Highway 116;Philadelphia;19103;femard@emard.com
CA7211;20000212;Willodean;Konopacki;55 Hawthorne Blvd;Lafayette;70506;willodean_konopacki@konopacki.org
CA7212;20000213;Beckie;Silvestrini;7116 Western Ave;Wayne;48126;beckie.silvestrini@silvestrini.com
CA7213;20000214;Rebecka;Gesick;2026 N Plankinton Ave #3;Travis;78754;rgesick@gesick.org
CA7214;20000215;Frederica;Blunk;99586 Main St;Dallas;75207;frederica_blunk@gmail.com
CA7215;20000216;Glen;Bartolet;8739 Hudson St;King;98070;glen_bartolet@hotmail.com
CA7216;20000217;Freeman;Gochal;383 Gunderman Rd #197;Chester;19320;freeman_gochal@aol.com
CA7217;20000218;Vincent;Meinerding;4441 Point Term Mkt;Philadelphia;19143;vincent.meinerding@hotmail.com
CA7218;20000219;Rima;Bevelacqua;2972 Lafayette Ave;Los Angeles;90248;rima@cox.net
CA7219;20000220;Glendora;Sarbacher;2140 Diamond Blvd;Sonoma;94928;gsarbacher@gmail.com
CA7220;20000221;Avery;Steier;93 Redmond Rd #492;Orange;32803;avery@cox.net
CA7221;20000222;Cristy;Lother;3989 Portage Tr;San Diego;92025;cristy@lother.com
CA7222;20000223;Nicolette;Brossart;1 Midway Rd;Worcester;1581;nicolette_brossart@brossart.com
CA7223;20000224;Tracey;Modzelewski;77132 Coon Rapids Blvd Nw;Montgomery;77301;tracey@hotmail.com
CA7224;20000225;Virgina;Tegarden;755 Harbor Way;Milwaukee;53226;virgina_tegarden@tegarden.com
CA7225;20000226;Tiera;Frankel;87 Sierra Rd;Los Angeles;91731;tfrankel@aol.com
CA7226;20000227;Alaine;Bergesen;7667 S Hulen St #42;Westchester;10701;alaine_bergesen@cox.net
CA7227;20000228;Earleen;Mai;75684 S Withlapopka Dr #32;Dallas;75227;earleen_mai@cox.net
CA7228;20000229;Leonida;Gobern;5 Elmwood Park Blvd;Harrison;39530;leonida@gobern.org
CA7229;20000230;Ressie;Auffrey;23 Palo Alto Sq;Miami-Dade;33134;ressie.auffrey@yahoo.com
CA7230;20000231;Justine;Mugnolo;38062 E Main St;New York;10048;jmugnolo@yahoo.com
CA7231;20000232;Eladia;Saulter;3958 S Dupont Hwy #7;Bergen;7446;eladia@saulter.com
CA7232;20000233;Chaya;Malvin;560 Civic Center Dr;Washtenaw;48103;chaya@malvin.com
CA7233;20000234;Gwenn;Suffield;3270 Dequindre Rd;Suffolk;11729;gwenn_suffield@suffield.org
CA7234;20000235;Salena;Karpel;1 Garfield Ave #7;Stark;44707;skarpel@cox.net
CA7235;20000236;Yoko;Fishburne;9122 Carpenter Ave;New Haven;6511;yoko@fishburne.com
CA7236;20000237;Taryn;Moyd;48 Lenox St;Fairfax City;22030;taryn.moyd@hotmail.com
CA7237;20000238;Katina;Polidori;5 Little River Tpke;Middlesex;1887;katina_polidori@aol.com
CA7238;20000239;Rickie;Plumer;3 N Groesbeck Hwy;Lucas;43613;rickie.plumer@aol.com
CA7239;20000240;Alex;Loader;37 N Elm St #916;Pierce;98409;alex@loader.com
CA7240;20000241;Lashon;Vizarro;433 Westminster Blvd #590;Placer;95661;lashon@aol.com
CA7241;20000242;Lauran;Burnard;66697 Park Pl #3224;Fremont;82501;lburnard@burnard.com
CA7242;20000243;Ceola;Setter;96263 Greenwood Pl;Knox;4864;ceola.setter@setter.org
CA7243;20000244;My;Rantanen;8 Mcarthur Ln;Bucks;18954;my@hotmail.com
CA7244;20000245;Lorrine;Worlds;8 Fair Lawn Ave;Hillsborough;33614;lorrine.worlds@worlds.com
CA7245;20000246;Peggie;Sturiale;9 N 14th St;San Diego;92020;peggie@cox.net
CA7246;20000247;Marvel;Raymo;9 Vanowen St;Brazos;77840;mraymo@yahoo.com
CA7247;20000248;Daron;Dinos;18 Waterloo Geneva Rd;Lake;60035;daron_dinos@cox.net
CA7248;20000249;An;Fritz;506 S Hacienda Dr;Atlantic;8401;an_fritz@hotmail.com
CA7249;20000250;Portia;Stimmel;3732 Sherman Ave;Somerset;8807;portia.stimmel@aol.com
CA7250;20000251;Rhea;Aredondo;25657 Live Oak St;Kings;11226;rhea_aredondo@cox.net
CA7251;20000252;Benedict;Sama;4923 Carey Ave;Saint Louis City;63104;bsama@cox.net
CA7252;20000253;Alyce;Arias;3196 S Rider Trl;San Joaquin;95207;alyce@arias.org
CA7253;20000254;Heike;Berganza;3 Railway Ave #75;Passaic;7424;heike@gmail.com
CA7254;20000255;Carey;Dopico;87393 E Highland Rd;Marion;46220;carey_dopico@dopico.org
CA7255;20000256;Dottie;Hellickson;67 E Chestnut Hill Rd;King;98133;dottie@hellickson.org
CA7256;20000257;Deandrea;Hughey;33 Lewis Rd #46;Alamance;27215;deandrea@yahoo.com
CA7257;20000258;Kimberlie;Duenas;8100 Jacksonville Rd #7;Ellis;67601;kimberlie_duenas@yahoo.com
CA7258;20000259;Martina;Staback;7 W Wabansia Ave #227;Orange;32822;martina_staback@staback.com
CA7259;20000260;Skye;Fillingim;25 Minters Chapel Rd #9;Hennepin;55401;skye_fillingim@yahoo.com
CA7260;20000261;Jade;Farrar;6882 Torresdale Ave;Richland;29201;jade.farrar@yahoo.com
CA7261;20000262;Charlene;Hamilton;985 E 6th Ave;Sonoma;95407;charlene.hamilton@hotmail.com
CA7262;20000263;Geoffrey;Acey;7 West Ave #1;Cook;60067;geoffrey@gmail.com
CA7263;20000264;Stevie;Westerbeck;26659 N 13th St;Orange;92626;stevie.westerbeck@yahoo.com
CA7264;20000265;Pamella;Fortino;669 Packerland Dr #1438;Denver;80212;pamella@fortino.com
CA7265;20000266;Harrison;Haufler;759 Eldora St;New Haven;6515;hhaufler@hotmail.com
CA7266;20000267;Johnna;Engelberg;5 S Colorado Blvd #449;Snohomish;98021;jengelberg@engelberg.org
CA7267;20000268;Buddy;Cloney;944 Gaither Dr;Cuyahoga;44136;buddy.cloney@yahoo.com
CA7268;20000269;Dalene;Riden;66552 Malone Rd;Rockingham;3865;dalene.riden@aol.com
CA7269;20000270;Jerry;Zurcher;77 Massillon Rd #822;Brevard;32937;jzurcher@zurcher.org
CA7270;20000271;Haydee;Denooyer;25346 New Rd;New York;10016;hdenooyer@denooyer.org
CA7271;20000272;Joseph;Cryer;60 Fillmore Ave;Orange;92647;joseph_cryer@cox.net
CA7272;20000273;Deonna;Kippley;57 Haven Ave #90;Oakland;48075;deonna_kippley@hotmail.com
CA7273;20000274;Raymon;Calvaresi;6538 E Pomona St #60;Marion;46222;raymon.calvaresi@gmail.com
CA7274;20000275;Alecia;Bubash;6535 Joyce St;Wichita;76301;alecia@aol.com
CA7275;20000276;Ma;Layous;78112 Morris Ave;New Haven;6473;mlayous@hotmail.com
CA7276;20000277;Detra;Coyier;96950 Hidden Ln;Harford;21001;detra@aol.com
CA7277;20000278;Terrilyn;Rodeigues;3718 S Main St;Orleans;70130;terrilyn.rodeigues@cox.net
CA7278;20000279;Salome;Lacovara;9677 Commerce Dr;Richmond City;23219;slacovara@gmail.com
CA7279;20000280;Garry;Keetch;5 Green Pond Rd #4;Bucks;18966;garry_keetch@hotmail.com
CA7280;20000281;Matthew;Neither;636 Commerce Dr #42;Scott;55379;mneither@yahoo.com
CA7281;20000282;Theodora;Restrepo;42744 Hamann Industrial Pky #82;Miami-Dade;33136;theodora.restrepo@restrepo.com
CA7282;20000283;Noah;Kalafatis;1950 5th Ave;Milwaukee;53209;noah.kalafatis@aol.com
CA7283;20000284;Carmen;Sweigard;61304 N French Rd;Somerset;8873;csweigard@sweigard.com
CA7284;20000285;Lavonda;Hengel;87 Imperial Ct #79;Cass;58102;lavonda@cox.net
CA7285;20000286;Junita;Stoltzman;94 W Dodge Rd;Carson City;89701;junita@aol.com
CA7286;20000287;Herminia;Nicolozakes;4 58th St #3519;Maricopa;85254;herminia@nicolozakes.org
CA7287;20000288;Casie;Good;5221 Bear Valley Rd;Davidson;37211;casie.good@aol.com
CA7288;20000289;Reena;Maisto;9648 S Main;Wicomico;21801;reena@hotmail.com
CA7289;20000290;Mirta;Mallett;7 S San Marcos Rd;New York;10004;mirta_mallett@gmail.com
CA7290;20000291;Cathrine;Pontoriero;812 S Haven St;Randall;79109;cathrine.pontoriero@pontoriero.com
CA7291;20000292;Filiberto;Tawil;3882 W Congress St #799;Los Angeles;90016;ftawil@hotmail.com
CA7292;20000293;Raul;Upthegrove;4 E Colonial Dr;San Diego;91942;rupthegrove@yahoo.com
CA7293;20000294;Sarah;Candlish;45 2nd Ave #9759;Fulton;30328;sarah.candlish@gmail.com
CA7294;20000295;Lucy;Treston;57254 Brickell Ave #372;Worcester;1602;lucy@cox.net
CA7295;20000296;Judy;Aquas;8977 Connecticut Ave Nw #3;Berrien;49120;jaquas@aquas.com
CA7296;20000297;Yvonne;Tjepkema;9 Waydell St;Essex;7004;yvonne.tjepkema@hotmail.com
CA7297;20000298;Kayleigh;Lace;43 Huey P Long Ave;Lafayette;70508;kayleigh.lace@yahoo.com
CA7298;20000299;Felix;Hirpara;7563 Cornwall Rd #4462;Lancaster;17517;felix_hirpara@cox.net
CA7299;20000300;Tresa;Sweely;22 Bridle Ln;Saint Louis;63088;tresa_sweely@hotmail.com
CA7300;20000301;Kristeen;Turinetti;70099 E North Ave;Tarrant;76013;kristeen@gmail.com
CA7301;20000302;Jenelle;Regusters;3211 E Northeast Loop;Hillsborough;33619;jregusters@regusters.com
CA7302;20000303;Renea;Monterrubio;26 Montgomery St;Fulton;30328;renea@hotmail.com
CA7303;20000304;Olive;Matuszak;13252 Lighthouse Ave;Riverside;92234;olive@aol.com
CA7304;20000305;Ligia;Reiber;206 Main St #2804;Ingham;48933;lreiber@cox.net
CA7305;20000306;Christiane;Eschberger;96541 W Central Blvd;Maricopa;85034;christiane.eschberger@yahoo.com
CA7306;20000307;Goldie;Schirpke;34 Saint George Ave #2;Penobscot;4401;goldie.schirpke@yahoo.com
CA7307;20000308;Loreta;Timenez;47857 Coney Island Ave;Prince Georges;20735;loreta.timenez@hotmail.com
CA7308;20000309;Fabiola;Hauenstein;8573 Lincoln Blvd;York;17404;fabiola.hauenstein@hauenstein.org
CA7309;20000310;Amie;Perigo;596 Santa Maria Ave #7913;Dallas;75150;amie.perigo@yahoo.com
CA7310;20000311;Raina;Brachle;3829 Ventura Blvd;Silver Bow;59701;raina.brachle@brachle.org
CA7311;20000312;Erinn;Canlas;13 S Hacienda Dr;Essex;7039;erinn.canlas@canlas.com
CA7312;20000313;Cherry;Lietz;40 9th Ave Sw #91;Oakland;48329;cherry@lietz.com
CA7313;20000314;Kattie;Vonasek;2845 Boulder Crescent St;Cuyahoga;44103;kattie@vonasek.org
CA7314;20000315;Lilli;Scriven;33 State St;Taylor;79601;lilli@aol.com
CA7315;20000316;Whitley;Tomasulo;2 S 15th St;Tarrant;76107;whitley.tomasulo@aol.com
CA7316;20000317;Barbra;Adkin;4 Kohler Memorial Dr;Kings;11230;badkin@hotmail.com
CA7317;20000318;Hermila;Thyberg;1 Rancho Del Mar Shopping C;Providence;2903;hermila_thyberg@hotmail.com
CA7318;20000319;Jesusita;Flister;3943 N Highland Ave;Lancaster;17601;jesusita.flister@hotmail.com
CA7319;20000320;Caitlin;Julia;5 Williams St;Providence;2919;caitlin.julia@julia.org
CA7320;20000321;Roosevelt;Hoffis;60 Old Dover Rd;Miami-Dade;33014;roosevelt.hoffis@aol.com
CA7321;20000322;Helaine;Halter;8 Sheridan Rd;Hudson;7304;hhalter@yahoo.com
CA7322;20000323;Lorean;Martabano;85092 Southern Blvd;Bexar;78204;lorean.martabano@hotmail.com
CA7323;20000324;France;Buzick;64 Newman Springs Rd E;Kings;11219;france.buzick@yahoo.com
CA7324;20000325;Justine;Ferrario;48 Stratford Ave;Los Angeles;91768;jferrario@hotmail.com
CA7325;20000326;Adelina;Nabours;80 Pittsford Victor Rd #9;Cuyahoga;44103;adelina_nabours@gmail.com
CA7326;20000327;Derick;Dhamer;87163 N Main Ave;New York;10013;ddhamer@cox.net
CA7327;20000328;Jerry;Dallen;393 Lafayette Ave;Richmond City;23219;jerry.dallen@yahoo.com
CA7328;20000329;Leota;Ragel;99 5th Ave #33;Chattooga;30753;leota.ragel@gmail.com
CA7329;20000330;Jutta;Amyot;49 N Mays St;Lafayette;70518;jamyot@hotmail.com
CA7330;20000331;Aja;Gehrett;993 Washington Ave;Essex;7110;aja_gehrett@hotmail.com
CA7331;20000332;Kirk;Herritt;88 15th Ave Ne;Broome;13850;kirk.herritt@aol.com
CA7332;20000333;Leonora;Mauson;3381 E 40th Ave;Passaic;7055;leonora@yahoo.com
CA7333;20000334;Winfred;Brucato;201 Ridgewood Rd;Latah;83843;winfred_brucato@hotmail.com
CA7334;20000335;Tarra;Nachor;39 Moccasin Dr;San Francisco;94104;tarra.nachor@cox.net
CA7335;20000336;Corinne;Loder;4 Carroll St;Bristol;2760;corinne@loder.org
CA7336;20000337;Dulce;Labreche;9581 E Arapahoe Rd;Oakland;48307;dulce_labreche@yahoo.com
CA7337;20000338;Kate;Keneipp;33 N Michigan Ave;Brown;54301;kate_keneipp@yahoo.com
CA7338;20000339;Kaitlyn;Ogg;2 S Biscayne Blvd;Baltimore City;21230;kaitlyn.ogg@gmail.com
CA7339;20000340;Sherita;Saras;8 Us Highway 22;El Paso;80937;sherita.saras@cox.net
CA7340;20000341;Lashawnda;Stuer;7422 Martin Ave #8;Lucas;43607;lstuer@cox.net
CA7341;20000342;Ernest;Syrop;94 Chase Rd;Prince Georges;20785;ernest@cox.net
CA7342;20000343;Nobuko;Halsey;8139 I Hwy 10 #92;Bristol;2745;nobuko.halsey@yahoo.com
CA7343;20000344;Lavonna;Wolny;5 Cabot Rd;Fairfax;22102;lavonna.wolny@hotmail.com
CA7344;20000345;Lashaunda;Lizama;3387 Ryan Dr;Anne Arundel;21076;llizama@cox.net
CA7345;20000346;Mariann;Bilden;3125 Packer Ave #9851;Travis;78753;mariann.bilden@aol.com
CA7346;20000347;Helene;Rodenberger;347 Chestnut St;Maricopa;85381;helene@aol.com
CA7347;20000348;Roselle;Estell;8116 Mount Vernon Ave;Crawford;44820;roselle.estell@hotmail.com
CA7348;20000349;Samira;Heintzman;8772 Old County Rd #5410;King;98032;sheintzman@hotmail.com
CA7349;20000350;Margart;Meisel;868 State St #38;Hamilton;45251;margart_meisel@yahoo.com
CA7350;20000351;Kristofer;Bennick;772 W River Dr;Monroe;47404;kristofer.bennick@yahoo.com
CA7351;20000352;Weldon;Acuff;73 W Barstow Ave;Cook;60004;wacuff@gmail.com
CA7352;20000353;Shalon;Shadrick;61047 Mayfield Ave;Kings;11223;shalon@cox.net
CA7353;20000354;Denise;Patak;2139 Santa Rosa Ave;Orange;32801;denise@patak.org
CA7354;20000355;Louvenia;Beech;598 43rd St;Los Angeles;90210;louvenia.beech@beech.com
CA7355;20000356;Audry;Yaw;70295 Pioneer Ct;Hillsborough;33511;audry.yaw@yaw.org
CA7356;20000357;Kristel;Ehmann;92899 Kalakaua Ave;El Paso;79925;kristel.ehmann@aol.com
CA7357;20000358;Vincenza;Zepp;395 S 6th St #2;San Diego;92020;vzepp@gmail.com
CA7358;20000359;Elouise;Gwalthney;9506 Edgemore Ave;Prince Georges;20710;egwalthney@yahoo.com
CA7359;20000360;Venita;Maillard;72119 S Walker Ave #63;Orange;92801;venita_maillard@gmail.com
CA7360;20000361;Kasandra;Semidey;369 Latham St #500;Saint Louis City;63102;kasandra_semidey@semidey.com
CA7361;20000362;Xochitl;Discipio;3158 Runamuck Pl;Williamson;78664;xdiscipio@gmail.com
CA7362;20000363;Maile;Linahan;9 Plainsboro Rd #598;Guilford;27409;mlinahan@yahoo.com
CA7363;20000364;Krissy;Rauser;8728 S Broad St;Suffolk;11727;krauser@cox.net
CA7364;20000365;Pete;Dubaldi;2215 Prosperity Dr;Bergen;7071;pdubaldi@hotmail.com
CA7365;20000366;Linn;Paa;1 S Pine St;Shelby;38112;linn_paa@paa.com
CA7366;20000367;Paris;Wide;187 Market St;Fulton;30342;paris@hotmail.com
CA7367;20000368;Wynell;Dorshorst;94290 S Buchanan St;San Mateo;94044;wynell_dorshorst@dorshorst.org
CA7368;20000369;Quentin;Birkner;7061 N 2nd St;Dakota;55337;qbirkner@aol.com
CA7369;20000370;Regenia;Kannady;10759 Main St;Maricopa;85260;regenia.kannady@cox.net
CA7370;20000371;Sheron;Louissant;97 E 3rd St #9;Queens;11101;sheron@aol.com
CA7371;20000372;Izetta;Funnell;82 Winsor St #54;Dekalb;30340;izetta.funnell@hotmail.com
CA7372;20000373;Rodolfo;Butzen;41 Steel Ct;Rice;55057;rodolfo@hotmail.com
CA7373;20000374;Zona;Colla;49440 Dearborn St;Fairfield;6854;zona@hotmail.com
CA7374;20000375;Serina;Zagen;7 S Beverly Dr;Allen;46802;szagen@aol.com
CA7375;20000376;Paz;Sahagun;919 Wall Blvd;Lauderdale;39307;paz_sahagun@cox.net
CA7376;20000377;Markus;Lukasik;89 20th St E #779;Macomb;48310;markus@yahoo.com
CA7377;20000378;Jaclyn;Bachman;721 Interstate 45 S;El Paso;80919;jaclyn@aol.com
CA7378;20000379;Cyril;Daufeldt;3 Lawton St;New York;10013;cyril_daufeldt@daufeldt.com
CA7379;20000380;Gayla;Schnitzler;38 Pleasant Hill Rd;Alameda;94545;gschnitzler@gmail.com
CA7380;20000381;Erick;Nievas;45 E Acacia Ct;Cook;60624;erick_nievas@aol.com
CA7381;20000382;Jennie;Drymon;63728 Poway Rd #1;Lackawanna;18509;jennie@cox.net
CA7382;20000383;Mitsue;Scipione;77 222 Dr;Butte;95965;mscipione@scipione.com
CA7383;20000384;Ciara;Ventura;53 W Carey St;Orange;12771;cventura@yahoo.com
CA7384;20000385;Galen;Cantres;617 Nw 36th Ave;Cuyahoga;44142;galen@yahoo.com
CA7385;20000386;Truman;Feichtner;539 Coldwater Canyon Ave;Essex;7003;tfeichtner@yahoo.com
CA7386;20000387;Gail;Kitty;735 Crawford Dr;Anchorage;99501;gail@kitty.com
CA7387;20000388;Dalene;Schoeneck;910 Rahway Ave;Philadelphia;19102;dalene@schoeneck.org
CA7388;20000389;Gertude;Witten;7 Tarrytown Rd;Hamilton;45217;gertude.witten@gmail.com
CA7389;20000390;Lizbeth;Kohl;35433 Blake St #588;Los Angeles;90248;lizbeth@yahoo.com
CA7390;20000391;Glenn;Berray;29 Cherry St #7073;Polk;50315;gberray@gmail.com
CA7391;20000392;Lashandra;Klang;810 N La Brea Ave;Montgomery;19406;lashandra@yahoo.com
CA7392;20000393;Lenna;Newville;987 Main St;Wake;27601;lnewville@newville.com
CA7393;20000394;Laurel;Pagliuca;36 Enterprise St Se;Benton;99352;laurel@yahoo.com
CA7394;20000395;Mireya;Frerking;8429 Miller Rd;Westchester;10803;mireya.frerking@hotmail.com
CA7395;20000396;Annelle;Tagala;5 W 7th St;Baltimore;21234;annelle@yahoo.com
CA7396;20000397;Dean;Ketelsen;2 Flynn Rd;Nassau;11801;dean_ketelsen@gmail.com
CA7397;20000398;Levi;Munis;2094 Ne 36th Ave;Worcester;1603;levi.munis@gmail.com
CA7398;20000399;Sylvie;Ryser;649 Tulane Ave;Tulsa;74105;sylvie@aol.com
CA7399;20000400;Sharee;Maile;2094 Montour Blvd;Muskegon;49442;sharee_maile@aol.com
CA7400;20000401;Cordelia;Storment;393 Hammond Dr;Lafayette;70506;cordelia_storment@aol.com
CA7401;20000402;Mollie;Mcdoniel;8590 Lake Lizzie Dr;Wood;43402;mollie_mcdoniel@yahoo.com
CA7402;20000403;Brett;Mccullan;87895 Concord Rd;San Diego;91942;brett.mccullan@mccullan.com
CA7403;20000404;Teddy;Pedrozo;46314 Route 130;Fairfield;6610;teddy_pedrozo@aol.com
CA7404;20000405;Tasia;Andreason;4 Cowesett Ave;Hudson;7032;tasia_andreason@yahoo.com
CA7405;20000406;Hubert;Walthall;95 Main Ave #2;Summit;44203;hubert@walthall.org
CA7406;20000407;Arthur;Farrow;28 S 7th St #2824;Bergen;7631;arthur.farrow@yahoo.com
CA7407;20000408;Vilma;Berlanga;79 S Howell Ave;Kent;49546;vberlanga@berlanga.com
CA7408;20000409;Billye;Miro;36 Lancaster Dr Se;Rankin;39208;billye_miro@cox.net
CA7409;20000410;Glenna;Slayton;2759 Livingston Ave;Shelby;38118;glenna_slayton@cox.net
CA7410;20000411;Mitzie;Hudnall;17 Jersey Ave;Arapahoe;80110;mitzie_hudnall@yahoo.com
CA7411;20000412;Bernardine;Rodefer;2 W Grand Ave;Shelby;38112;bernardine_rodefer@yahoo.com
CA7412;20000413;Staci;Schmaltz;18 Coronado Ave #563;Los Angeles;91106;staci_schmaltz@aol.com
CA7413;20000414;Nichelle;Meteer;72 Beechwood Ter;Cook;60657;nichelle_meteer@meteer.com
CA7414;20000415;Janine;Rhoden;92 Broadway;Queens;11103;jrhoden@yahoo.com
CA7415;20000416;Ettie;Hoopengardner;39 Franklin Ave;Benton;99352;ettie.hoopengardner@hotmail.com
CA7416;20000417;Eden;Jayson;4 Iwaena St;Baltimore City;21202;eden_jayson@yahoo.com
CA7417;20000418;Lynelle;Auber;32820 Corkwood Rd;Essex;7104;lynelle_auber@gmail.com
CA7418;20000419;Merissa;Tomblin;34 Raritan Center Pky;Los Angeles;90706;merissa.tomblin@gmail.com
CA7419;20000420;Golda;Kaniecki;6201 S Nevada Ave;Ocean;8755;golda_kaniecki@yahoo.com
CA7420;20000421;Catarina;Gleich;78 Maryland Dr #146;Morris;7834;catarina_gleich@hotmail.com
CA7421;20000422;Virgie;Kiel;76598 Rd  I 95 #1;Denver;80216;vkiel@hotmail.com
CA7422;20000423;Jolene;Ostolaza;1610 14th St Nw;Newport News City;23608;jolene@yahoo.com
CA7423;20000424;Keneth;Borgman;86350 Roszel Rd;Maricopa;85012;keneth@yahoo.com
CA7424;20000425;Rikki;Nayar;1644 Clove Rd;Miami-Dade;33155;rikki@nayar.com
CA7425;20000426;Elke;Sengbusch;9 W Central Ave;Maricopa;85013;elke_sengbusch@yahoo.com
CA7426;20000427;Hoa;Sarao;27846 Lafayette Ave;Volusia;32759;hoa@sarao.org
CA7427;20000428;Trinidad;Mcrae;10276 Brooks St;San Francisco;94105;trinidad_mcrae@yahoo.com
CA7428;20000429;Mari;Lueckenbach;1 Century Park E;San Diego;92110;mari_lueckenbach@yahoo.com
CA7429;20000430;Selma;Husser;9 State Highway 57 #22;Hudson;7306;selma.husser@cox.net
CA7430;20000431;Antione;Onofrio;4 S Washington Ave;San Bernardino;92410;aonofrio@onofrio.com
CA7431;20000432;Luisa;Jurney;25 Se 176th Pl;Middlesex;2138;ljurney@hotmail.com
CA7432;20000433;Clorinda;Heimann;105 Richmond Valley Rd;San Diego;92025;clorinda.heimann@hotmail.com
CA7433;20000434;Dick;Wenzinger;22 Spruce St #595;Los Angeles;90248;dick@yahoo.com
CA7434;20000435;Ahmed;Angalich;2 W Beverly Blvd;Dauphin;17110;ahmed.angalich@angalich.com
CA7435;20000436;Iluminada;Ohms;72 Southern Blvd;Maricopa;85204;iluminada.ohms@yahoo.com
CA7436;20000437;Joanna;Leinenbach;1 Washington St;Palm Beach;33461;joanna_leinenbach@hotmail.com
CA7437;20000438;Caprice;Suell;90177 N 55th Ave;Davidson;37211;caprice@aol.com
CA7438;20000439;Stephane;Myricks;9 Tower Ave;Boone;41005;stephane_myricks@cox.net
CA7439;20000440;Quentin;Swayze;278 Bayview Ave;Monroe;48160;quentin_swayze@yahoo.com
CA7440;20000441;Annmarie;Castros;80312 W 32nd St;Montgomery;77301;annmarie_castros@gmail.com
CA7441;20000442;Shonda;Greenbush;82 Us Highway 46;Passaic;7011;shonda_greenbush@cox.net
CA7442;20000443;Cecil;Lapage;4 Stovall St #72;Hudson;7087;clapage@lapage.com
CA7443;20000444;Jeanice;Claucherty;19 Amboy Ave;Miami-Dade;33142;jeanice.claucherty@yahoo.com
CA7444;20000445;Josphine;Villanueva;63 Smith Ln #8343;Clay;38575;josphine_villanueva@villanueva.com
CA7445;20000446;Daniel;Perruzza;11360 S Halsted St;Orange;92705;dperruzza@perruzza.com
CA7446;20000447;Cassi;Wildfong;26849 Jefferson Hwy;Cook;60008;cassi.wildfong@aol.com
CA7447;20000448;Britt;Galam;2500 Pringle Rd Se #508;Montgomery;19440;britt@galam.org
CA7448;20000449;Adell;Lipkin;65 Mountain View Dr;Morris;7981;adell.lipkin@lipkin.com
CA7449;20000450;Jacqueline;Rowling;1 N San Saba;Erie;16501;jacqueline.rowling@yahoo.com
CA7450;20000451;Lonny;Weglarz;51120 State Route 18;Salt Lake;84115;lonny_weglarz@gmail.com
CA7451;20000452;Lonna;Diestel;1482 College Ave;Cumberland;28301;lonna_diestel@gmail.com
CA7452;20000453;Cristal;Samara;4119 Metropolitan Dr;Los Angeles;90021;cristal@cox.net
CA7453;20000454;Kenneth;Grenet;2167 Sierra Rd;Ingham;48823;kenneth.grenet@grenet.org
CA7454;20000455;Elli;Mclaird;6 Sunrise Ave;Oneida;13501;emclaird@mclaird.com
CA7455;20000456;Alline;Jeanty;55713 Lake City Hwy;St Joseph;46601;ajeanty@gmail.com
CA7456;20000457;Sharika;Eanes;75698 N Fiesta Blvd;Orange;32806;sharika.eanes@aol.com
CA7457;20000458;Nu;Mcnease;88 Sw 28th Ter;Hudson;7029;nu@gmail.com
CA7458;20000459;Daniela;Comnick;7 Flowers Rd #403;Mercer;8611;dcomnick@cox.net
CA7459;20000460;Cecilia;Colaizzo;4 Nw 12th St #3849;Dane;53717;cecilia_colaizzo@colaizzo.com
CA7460;20000461;Leslie;Threets;2 A Kelley Dr;Westchester;10536;leslie@cox.net
CA7461;20000462;Nan;Koppinger;88827 Frankford Ave;Guilford;27401;nan@koppinger.com
CA7462;20000463;Izetta;Dewar;2 W Scyene Rd #3;Baltimore City;21217;idewar@dewar.com
CA7463;20000464;Tegan;Arceo;62260 Park Stre;Middlesex;8831;tegan.arceo@arceo.org
CA7464;20000465;Ruthann;Keener;3424 29th St Se;Kerr;78028;ruthann@hotmail.com
CA7465;20000466;Joni;Breland;35 E Main St #43;Cook;60007;joni_breland@cox.net
CA7466;20000467;Vi;Rentfro;7163 W Clark Rd;Monmouth;7728;vrentfro@cox.net
CA7467;20000468;Colette;Kardas;21575 S Apple Creek Rd;Douglas;68124;colette.kardas@yahoo.com
CA7468;20000469;Malcolm;Tromblay;747 Leonis Blvd;Fairfax;22003;malcolm_tromblay@cox.net
CA7469;20000470;Ryan;Harnos;13 Gunnison St;Collin;75075;ryan@cox.net
CA7470;20000471;Jess;Chaffins;18 3rd Ave;New York;10016;jess.chaffins@chaffins.org
CA7471;20000472;Sharen;Bourbon;62 W Austin St;Nassau;11791;sbourbon@yahoo.com
CA7472;20000473;Nickolas;Juvera;177 S Rider Trl #52;Citrus;34429;nickolas_juvera@cox.net
CA7473;20000474;Gary;Nunlee;2 W Mount Royal Ave;Hancock;46040;gary_nunlee@nunlee.org
CA7474;20000475;Diane;Devreese;1953 Telegraph Rd;Buchanan;64504;diane@cox.net
CA7475;20000476;Roslyn;Chavous;63517 Dupont St;Hinds;39211;roslyn.chavous@chavous.org
CA7476;20000477;Glory;Schieler;5 E Truman Rd;Taylor;79602;glory@yahoo.com
CA7477;20000478;Rasheeda;Sayaphon;251 Park Ave #979;Santa Clara;95070;rasheeda@aol.com
CA7478;20000479;Alpha;Palaia;43496 Commercial Dr #29;Camden;8003;alpha@yahoo.com
CA7479;20000480;Refugia;Jacobos;2184 Worth St;Alameda;94545;refugia.jacobos@jacobos.com
CA7480;20000481;Shawnda;Yori;50126 N Plankinton Ave;Seminole;32750;shawnda.yori@yahoo.com
CA7481;20000482;Mona;Delasancha;38773 Gravois Ave;Laramie;82001;mdelasancha@hotmail.com
CA7482;20000483;Gilma;Liukko;16452 Greenwich St;Nassau;11530;gilma_liukko@gmail.com
CA7483;20000484;Janey;Gabisi;40 Cambridge Ave;Dane;53715;jgabisi@hotmail.com
CA7484;20000485;Lili;Paskin;20113 4th Ave E;Hudson;7032;lili.paskin@cox.net
CA7485;20000486;Loren;Asar;6 Ridgewood Center Dr;Lackawanna;18518;loren.asar@aol.com
CA7486;20000487;Dorothy;Chesterfield;469 Outwater Ln;San Diego;92126;dorothy@cox.net
CA7487;20000488;Gail;Similton;62 Monroe St;Riverside;92276;gail_similton@similton.com
CA7488;20000489;Catalina;Tillotson;3338 A Lockport Pl #6;Atlantic;8402;catalina@hotmail.com
CA7489;20000490;Lawrence;Lorens;9 Hwy;Providence;2906;lawrence.lorens@hotmail.com
CA7490;20000491;Carlee;Boulter;8284 Hart St;Dickinson;67410;carlee.boulter@hotmail.com
CA7491;20000492;Thaddeus;Ankeny;5 Washington St #1;Placer;95678;tankeny@ankeny.org
CA7492;20000493;Jovita;Oles;8 S Haven St;Volusia;32114;joles@gmail.com
CA7493;20000494;Alesia;Hixenbaugh;9 Front St;District of Columbia;20001;alesia_hixenbaugh@hixenbaugh.org
CA7494;20000495;Lai;Harabedian;1933 Packer Ave #2;Marin;94945;lai@gmail.com
CA7495;20000496;Brittni;Gillaspie;67 Rv Cent;Ada;83709;bgillaspie@gillaspie.com
CA7496;20000497;Raylene;Kampa;2 Sw Nyberg Rd;Elkhart;46514;rkampa@kampa.org
CA7497;20000498;Flo;Bookamer;89992 E 15th St;Box Butte;69301;flo.bookamer@cox.net
CA7498;20000499;Jani;Biddy;61556 W 20th Ave;King;98104;jbiddy@yahoo.com
CA7499;20000500;Chauncey;Motley;63 E Aurora Dr;Orange;32804;chauncey_motley@aol.com
